Germany, near Gimbsheim,,,,,
China, Jiangsu,,,,,
USA, California, Sacramento,,,,
Russia, Saratovskaya oblast,,,,,
China, Guangxi Province,,,,,
USA, Marina Del Rey, CA,,,,
USA, Gulf of Mexico,,,,,
missing,,,,,,
Japan,Yamagata,,,,,
Portugal, Beja,,,,,
Spain, Canary Islands,,,,,
Namibia,,,,,,
South Africa,,,,,,
China, Jiangsu,,,,,
missing,,,,,,
USA, 13647 Jefferson Hwy, Bumpass, VA,,,
USA, Tennessee,,,,,
USA, University of California, Riverside campus, Riverside County, California,,
Germany,,,,,,
China,Shanxi,,,,,
China,Shandong,,,,,
China,Xinjiang,,,,,
China,Heilongjiang,,,,,
not applicable,,,,,,
USA, Virginia,,,,,
China,Guizhou,,,,,
China,Guangxi,,,,,
United Kingdom,,,,,,
China, Wuxi,,,,,
Japan,Okinawa, OIST, Sea Side apiary,,,
Papua New Guinea,,,,,,
Mexico, Ciudad de Mexico, Parque Ecologico de Xochimilco, nr. Lago Acitlalin,,,
Mexico, Ciudad de Mexico, Parque Ecologico de Xochimilco, nr. Lago Acitlalin,,,
Germany,forest of Goettingen,,,,,
Germany,forest of Goettingen,,,,,
Germany, Forest of Goettingen,,,,,
United Kingdom, Scotland, Edinburgh,,,,
USA, Michigan, Washtenaw Co., Ann Arbor,,,
Ireland,Dublin,,,,,
Australia, Brisbane,,,,,
Germany,forest of Goettingen,,,,,
China, Henan,,,,,
Netherlands, Westland,,,,,
Brazil,,,,,,
China, ChongQing,,,,,
Thailand, Udon Thani,,,,,
Not applicable,,,,,,
Gambia, Wali Kunda,,,,,
USA, Michigan,,,,,
USA,New Mexico,,,,,
Italy, Castel Porziano,,,,,
Iceland, Thjorsarver,,,,,
Japan, Yamagata, Sakata,,,,
Germany,,,,,,
Hesse, Sulzbach am Taunus,,,,,
China, Purple Mountain, Nanjing, Jiangsu Province,,,
Netherlands, Roggebotzand Wildlife Sanctuary,,,,,
USA,,,,,,
China, Purple Mountain, Nanjing, Jiangsu Province,,,
China, Jiulongshan Nature Reserve, Suichang County, Lishui City, Zhejiang Province,,
China, Zhumadian City, Henan province,,,,
New Zealand, Little Barrier Island,,,,,
France, Boulazac,,,,,
China,,,,,,
China,,,,,,
China, Jiuzhaigou Valley, Sichuan Province,,,,
China, Purple Mountain, Nanjing, Jiangsu Province,,,
France, Saint-Paulien,,,,,
France,,,,,,
Île-de-France, Paris, Jardin Naturel Pierre-Emmanuel,,,,
China, Purple Mountain, Nanjing, Jiangsu Province,,,
Hong Kong,,,,,,
Hong Kong,,,,,,
Austria, Rekawinkel, Forsthausstrasse Loc. 2,,,,
Austria, Vienna, Arztgasse,,,,
Canada, Baie de L'Isle Verte, St. Lawrence estuary (salt marsh), Quebec,,,
Taiwan,,,,,,
USA, Ocean Beach, San Diego, California,,,
South Korea,Gangneung,,,,,
Antarctica, Maxwell Bay,,,,,
Spain, Pontevedra, Nigran, Cape Monteferro,,,
South Korea, Gyeongsangnam-do, Tongyeong-si,,,,
Chile,,,,,,
Canada,Vancouver Island,,,,,
Austria, Vienna, Nasenweg,,,,
USA,,,,,,
USA,,,,,,
Australia,,,,,,
Japan,Wakayama, Shingu, Ohama,,,
USA, Clinton, Prince George's County, Maryland,,,
United Kingdom,,,,,,
150,,,,,,
51.779,,,,,,
-1.317,,,,,,
Wytham farm,,,,,,
United Kingdom,,,,,,
150,,,,,,
51.779,,,,,,
-1.317,,,,,,
Wytham farm,,,,,,
USA, California, Conness Lakes,,,,
France, Guerande,,,,,
USA, Otis Air National Guard Base, MA,,,,
USA,,,,,,
France,Col d'Urbeis, Vosges mountains,,,,
USA, Long Island, New York,,,,
USA, Texas, Hidalgo Co., Mission,,,
USA, Arizona, Yavapai Co., S. of Prescott,,,
USA, Florida, Gainesville,,,,
USA, Arizona, Pima Co.,,,,
USA, Arizona, Pima Co.,,,,
USA, Arizona, Yavapay Co., Watson Lake in Prescott,,,
USA, Texas, Starr Co., Highway 649,,,
USA, Arizona, Pima Co.,,,,
Mexico, Chiapas,,,,,
Japan,,,,,,
China, Guangzhou,,,,,
China, Beijing,,,,,
China, Anyang City,Henan Province,,,,
Canada,Prince George, BC,,,,
Canada,Prince George, BC,,,,
Colombia, Pueblo Bello, Cesar, Colombia,,,
China,Qinghai,,,,,
Norway, Lardal,,,,,
New Zealand, Ruakura,,,,,
Canada, British Columbia,,,,,
Saudi Arabia, Al-Ahsa oasis,,,,,
France,,,,,,
USA, Tennessee,,,,,
USA, PR, Mayaguez,,,,
Puerto Rico, Mayaguez,,,,,
USA, Aberdeen, ID,,,,
Hungary, between Susa and Uraj,,,,,
China, Menglun, Xishuanbana, Yunnan,,,
China,Kunming City, Yunnan,,,,
USA, Mercer Meadows, Lawrenceville, NJ,,,
USA, NJ, Mercer Meadows,,,,
China, Luodian, Guizhou Province,,,,
China, Luodian, Guizhou Province,,,,
USA,Maryland,,,,,
United Kingdom,,,,,,
51.88378,,,,,,
-0.36861422,,,,,,
Luton , Wigmore , Percival Way , Wigmore Park,,,
United Kingdom,,,,,,
51.88378,,,,,,
-0.36861422,,,,,,
Luton , Wigmore , Percival Way , Wigmore Park,,,
United Kingdom,,,,,,
51.88378,,,,,,
-0.36861422,,,,,,
Luton , Wigmore , Percival Way , Wigmore Park,,,
United Kingdom,,,,,,
51.88378,,,,,,
-0.36861422,,,,,,
Luton , Wigmore , Percival Way , Wigmore Park,,,
unknown,,,,,,
USA, near Chapel Hill, North Carolina,,,,
Canada, Vancouver,,,,,
China, Gongzhuling,,,,,
not applicable,,,,,,
USA, Georgia, Athens,,,,
USA, Georgia,,,,,
not applicable,,,,,,
USA,,,,,,
USA,,,,,,
France,,,,,,
USA, Pinal County, Arizona,,,,
USA, Stoneville, MS,,,,
USA, Kansas,,,,,
USA, Kanssas,,,,,
USA,,,,,,
unknown,,,,,,
France, near Millas,,,,,
unknown,,,,,,
USA, California, Imperial County, Algodones Dunes, off Gecko Road,,
unknown,,,,,,
USA, Texas, College Station,,,,
missing,,,,,,
Australia, Canberra,,,,,
USA, Raleigh, North Carolina,,,,
Indianapolis, Indiana,,,,,
USA, Indianapolis, Indiana,,,,
USA,,,,,,
Canada, Saskatoon,,,,,
Canada, Saskatoon,,,,,
unknown,,,,,,
unknown,,,,,,
Antarctica, Palmer Station,,,,,
unknown,,,,,,
Malawi, Chikopa,,,,,
Japan,Ibaraki,,,,,
China, Tianjin Yongding River,,,,,
Canada, Quebec, St Irenee,,,,
missing,,,,,,
El Salvador,,,,,,
Brazil, Amazon,,,,,
Spain,,,,,,
Uganda, near the Bamaga spring in the saline Buranga springs complex, Semuliki National Park,,,,
Malawi,,,,,,
Cameroon,,,,,,
Malaysia, Kuala Lumpur,,,,,
Brazil, Coari, Amazonas,,,,
Unknown,,,,,,
Gabon, La Lope,,,,,
Unknown,,,,,,
Papua New Guinea, Madang,,,,,
Zambia,,,,,,
Malaysia, Kuala Lumpur,,,,,
South Africa,,,,,,
Burkina Faso, Dinderesso,,,,,
South Africa,,,,,,
Papua New Guinea, Madang,,,,,
China,,,,,,
South Africa,,,,,,
China, Taian,,,,,
South Africa, Johannesburg,,,,,
unknown,,,,,,
USA, Maryland,,,,,
unknown,,,,,,
Japan, Sapporo, Hokkaido,,,,
Taiwan, Nankang,,,,,
Serbia, Mt Rtanj,,,,,
Saint Kitts and Nevis, Saint Kitts, Monkey Hill,,,,
Mexico, Guaymas, Sonora,,,,
Japan, Kagoshima,,,,,
USA,Princeton, NJ,,,,
Japan, Nopporo,,,,,
USA, Andreas Canyon, CA,,,,
missing,,,,,,
Japan, Hokkaido,,,,,
Australia, Cairns,,,,,
Japan, Okinawa,,,,,
Sao Tome and Principe, Sao Tome Island,,,,,
Australia, Cedar Bay National Park, Queensland,,,,
missing,,,,,,
Brunei, Kuala Belalong, Ulu Temburong Ntl. Park,,,,
Puerto Rico, Mayaguez,,,,,
Honduras,,,,,,
France, Reunion Island,,,,,
Brunei, Kuala Belalong, Ulu Temburong Ntl. Park,,,,
Japan, Fukui City,,,,,
USA, AZ,,,,,
missing,,,,,,
Philippines, Tagaytay, Luzon,,,,
Viet Nam, SaPa,,,,,
USA,,,,,,
missing,,,,,,
missing,,,,,,
USA,Woodland Park, CO,,,,
India, Mysore,,,,,
Papua New Guinea, Papua,,,,,
USA,,,,,,
USA,,,,,,
NA,,,,,,
Canada, Vancouver,,,,,
Mexico,Tomatlan, Jalisco,,,,
Costa Rica, San Jose,,,,,
Kochi, Kerala, India,,,,
India, Kochi, Kerala,,,,
USA,,,,,,
Cameroon, Lake Awing on slopes of Mt Lefo,,,,,
missing,,,,,,
Cameroon, Ngemba,,,,,
Japan, Dogo Park, Matsuyama, Ehime,,,
Philippines, Tagaytay,,,,,
El Salvador,,,,,,
missing,,,,,,
El Salvador,,,,,,
Cameroon,,,,,,
Papua New Guinea, Wau,,,,,
missing,,,,,,
USA,,,,,,
missing,,,,,,
Sao Tome and Principe,Sao Tome,,,,,
Cameroon, Yaounde,,,,,
Australia, Forster,,,,,
Colombia, Bucamaranga,,,,,
Honduras, Monte Ceyuca,,,,,
USA, Watsonville, CA,,,,
China, Tiantai, Zhajiang Province,,,,
Gabon,,,,,,
Serbia, Divibare,,,,,
El Salvador,,,,,,
missing,,,,,,
Zimbabwe, Mount Selinda,,,,,
Cambodia, Siem Reap,,,,,
Cote d'Ivoire,,,,,,
unknown,,,,,,
USA, Beaver Brook Reservation, Belmont, MA,,,
India, Punjab,,,,,
Sao Tome and Principe, Sao Tome Island,,,,,
unknown,,,,,,
unknown,,,,,,
missing,,,,,,
unknown,,,,,,
Kerrville, TX USA,,,,,
Switzerland,Zurich,,,,,
unknown,,,,,,
missing,,,,,,
unknown,,,,,,
unknown,,,,,,
Netherlands,,,,,,
USA, Columbus, Ohio,,,,
unknown,,,,,,
unknown,,,,,,
USA, Northeast,,,,,
China, village of Wang-Jia-Zuo, Chinese chive field,,,,
unknown,,,,,,
United Kingdom,,,,,,
150,,,,,,
51.772,,,,,,
-1.339,,,,,,
Wytham Great Wood,,,,,,
United Kingdom,,,,,,
150,,,,,,
51.772,,,,,,
-1.339,,,,,,
Wytham Great Wood,,,,,,
United Kingdom,,,,,,
150,,,,,,
51.772,,,,,,
-1.339,,,,,,
Wytham Great Wood,,,,,,
United Kingdom,,,,,,
150,,,,,,
51.769,,,,,,
-1.33,,,,,,
Wytham Great Wood,,,,,,
United Kingdom,,,,,,
150,,,,,,
51.769,,,,,,
-1.33,,,,,,
Wytham Great Wood,,,,,,
United Kingdom,,,,,,
150,,,,,,
51.769,,,,,,
-1.33,,,,,,
Wytham Great Wood,,,,,,
United Kingdom,,,,,,
150,,,,,,
51.769,,,,,,
-1.33,,,,,,
Wytham Great Wood,,,,,,
United Kingdom,,,,,,
150,,,,,,
51.769,,,,,,
-1.33,,,,,,
Wytham Great Wood,,,,,,
United Kingdom,,,,,,
150,,,,,,
51.769,,,,,,
-1.33,,,,,,
Wytham Great Wood,,,,,,
United Kingdom,,,,,,
150,,,,,,
51.77,,,,,,
-1.338,,,,,,
Wytham , Rough Common,,,,,
United Kingdom,,,,,,
150,,,,,,
51.77,,,,,,
-1.338,,,,,,
Wytham , Rough Common,,,,,
United Kingdom,,,,,,
150,,,,,,
51.77,,,,,,
-1.338,,,,,,
Wytham , Rough Common,,,,,
United Kingdom,,,,,,
150,,,,,,
51.773,,,,,,
-1.333,,,,,,
Wytham Great Wood,,,,,,
United Kingdom,,,,,,
150,,,,,,
51.773,,,,,,
-1.333,,,,,,
Wytham Great Wood,,,,,,
United Kingdom,,,,,,
150,,,,,,
51.773,,,,,,
-1.333,,,,,,
Wytham Great Wood,,,,,,
United Kingdom,,,,,,
150,,,,,,
51.775,,,,,,
-1.331,,,,,,
Wytham Great Wood,,,,,,
United Kingdom,,,,,,
150,,,,,,
51.775,,,,,,
-1.331,,,,,,
Wytham Great Wood,,,,,,
United Kingdom,,,,,,
150,,,,,,
51.775,,,,,,
-1.331,,,,,,
Wytham Great Wood,,,,,,
United Kingdom,,,,,,
150,,,,,,
51.77,,,,,,
-1.338,,,,,,
Wytham , Rough Common,,,,,
United Kingdom,,,,,,
150,,,,,,
51.77,,,,,,
-1.338,,,,,,
Wytham , Rough Common,,,,,
United Kingdom,,,,,,
150,,,,,,
51.77,,,,,,
-1.338,,,,,,
Wytham , Rough Common,,,,,
USA, Hawai'i,,,,,
USA, USDA-ARS-PBARC, Hilo, Hawaii,,,
Greece,,,,,,
Australia,Sydney,,,,,
USA, Grant, Michigan,,,,
USA, Michigan, East Lansing,,,,
unknown,,,,,,
Germany, North Rhine-Westphalia, Dumpelfeld,,,,
USA,South Carolina, Charleston,,,,
China,,,,,,
USA,,,,,,
United Kingdom,,,,,,
USA, Tucson, AZ,,,,
USA, Texas,,,,,
Belarus, Minsk,,,,,
USA,,,,,,
China, Shanghai,,,,,
India, Shimla, Himachal Pradesh,,,,
USA,,,,,,
USA, Rochester, NY,,,,
USA, Lincoln, NE,,,,
USA,Geneva, New York,,,,
Kenya, Nairobi,,,,,
USA, New York, Ithaca, USDA Plant Soil and Nutrition Laboratory,,,
USA, Lincoln, NE,,,,
USA, Lincoln, NE,,,,
China, Langfang city, Hebei province,,,,
China,Fuzhou,,,,,
USA, southeast Florida,,,,,
USA,,,,,,
USA,,,,,,
USA, New Jersey,,,,,
China, Bailongsi, Kunming City, Yunnan Province,,,
Mexico, Oaxaca, Peru,Andes,,,
China, Beijing,,,,,
China,Hangzhou,,,,,
China, Wuhan,,,,,
missing,,,,,,
Canada, Holland Marsh Canal, Ontario,,,,
USA, Virginia,,,,,
China, Langfang Experimental Station of Chinese Academy of Agricultural Sciences, Hebei Province,,,,
United Kingdom, NIAB EMR,,,,,
Brazil,,,,,,
USA,,,,,,
USA,,,,,,
Argentina, Catamarca, Anquincila,,,,
India,Delhi,,,,,
China,,,,,,
USA, Atlanta,,,,,
Brazil, Santo Cristo, Rio Grande do Sul state,,,,
French Guiana,,,,,,
China, Danzhou, Hainan,,,,
South Korea, Seoul,,,,,
Thailand,Chiang Mai,,,,,
USA,,,,,,
USA, Eldora, Boulder County, Colorado,,,
China, Yunan,,,,,
United Kingdom,,,,,,
150,,,,,,
51.773,,,,,,
-1.333,,,,,,
Wytham Great Wood,,,,,,
United Kingdom,,,,,,
150,,,,,,
51.773,,,,,,
-1.333,,,,,,
Wytham Great Wood,,,,,,
United Kingdom,,,,,,
150,,,,,,
51.773,,,,,,
-1.333,,,,,,
Wytham Great Wood,,,,,,
China, Xinjiang,,,,,
China, Hebei,,,,,
China, Xinjiang,,,,,
China, Qinghai,,,,,
China, Yunan,,,,,
United Kingdom,,,,,,
150,,,,,,
51.77,,,,,,
-1.339,,,,,,
Wytham , Rough Common,,,,,
United Kingdom,,,,,,
150,,,,,,
51.77,,,,,,
-1.339,,,,,,
Wytham , Rough Common,,,,,
United Kingdom,,,,,,
150,,,,,,
51.77,,,,,,
-1.339,,,,,,
Wytham , Rough Common,,,,,
China, Hebei,,,,,
USA, IL,,,,,
USA,,,,,,
China, Fengning,,,,,
United Kingdom,,,,,,
150,,,,,,
51.77,,,,,,
-1.339,,,,,,
Wytham , Rough Common,,,,,
United Kingdom,,,,,,
150,,,,,,
51.77,,,,,,
-1.339,,,,,,
Wytham , Rough Common,,,,,
United Kingdom,,,,,,
150,,,,,,
51.77,,,,,,
-1.339,,,,,,
Wytham , Rough Common,,,,,
China, Hebei,,,,,
Canada, Yukon,,,,,
China, Hebei,,,,,
China, Gansu,,,,,
China, Tibet,,,,,
China, Xinjiang,,,,,
China, Qinghai,,,,,
China, Anhui,,,,,
USA, California, Tulare County, Sequoia National Park,,,
USA, Oregon, Jackson County, Emigrant Lake,,,
China, Gansu,,,,,
Australia,Queensland,,,,,
USA, Durham, NH,,,,
missing,,,,,,
USA, Florida, Fern Forest Nature Center in Broward County,,,,
Brazil, Ribeirao Preto, SP,,,,
NA,,,,,,
NA,,,,,,
United Kingdom,,,,,,
150,,,,,,
51.768,,,,,,
-1.337,,,,,,
Berkshire , Wytham Woods,,,,,
United Kingdom,,,,,,
150,,,,,,
51.768,,,,,,
-1.337,,,,,,
Berkshire , Wytham Woods,,,,,
Australia,Brisbane,,,,,
Australia,Cairns,,,,,
Australia,Gold Coast,,,,,
Australia,Brisbane,,,,,
Australia,Darwin,,,,,
United Kingdom, England,,,,,
China, Yunnan,,,,,
Japan, Kagoshima,,,,,
USA, Gainesville, Florida,,,,
China, Zhejiang,,,,,
South Korea, Andong,,,,,
USA, Michigan,,,,,
USA, Michigan,,,,,
China, Guangzhou,,,,,
Australia, Queensland, Dalby,,,,
USA,Montana, Amsterdam-Churchill,,,,
China, Anhui,,,,,
United Kingdom,,,,,,
USA,,,,,,
USA,Houston,,,,,
USA,,,,,,
USA, KY, Lexington,,,,
USA,Tennessee, Crossville,,,,
China, Zhejiang Province,,,,,
USA, South Carolina,,,,,
China, Longhua,,,,,
India, Labstock, CCMB, Hyderabad,,,
Netherlands, Labstock, Ken Kraaijeveld, Leiden University, Leiden,,
USA, California,,,,,
Denmark,,,,,,
Panama,,,,,,
Denmark,,,,,,
Denmark,,,,,,
USA, Keystone Heights, FL,,,,
USA, Keystone Heights, FL,,,,
USA, Kite, GA,,,,
USA, Alachua County, FL,,,,
USA, Greenfield, MA,,,,
USA, Duke Forest, NC,,,,
Panama, Gamboa,,,,,
USA,,,,,,
Spain, Bonares,,,,,
Israel, Bezet beach, approximately 2 km southwest of Rosh Hanikra,,,,
Panama, Gamboa,,,,,
Brazil,Sergipe,,,,,
Finland,,,,,,
Finland,,,,,,
Finland,,,,,,
Switzerland, Finges,,,,,
Russia, Moscow region,,,,,
USA, orchard in Santa Clara county, California,,,,
USA, Texas City, TX,,,,
USA, Florida, Lake Placid, Mac Arthur Agro Ecology Research Center,,,
missing,,,,,,
USA, California,,,,,
Denmark,,,,,,
Peru, Loreto,,,,,
USA, Key Largo,,,,,
Peru, Madre de Dios,,,,,
USA, Florida Keys,,,,,
Costa Rica, Guanacaste,,,,,
USA, Florida Keys,,,,,
USA, Florida Keys,,,,,
Guatemala, Sacatepequez,,,,,
Switzerland, Lausanne,,,,,
USA,Florida,Gainesville,,,,
USA,Pennsylvania,,,,,
USA, Huyck preserve, Rensselaerville, NY,,,
Japan, Onna,,,,,
USA, San Francisco,,,,,
China, Yunnan,,,,,
Uganda, Kibale,,,,,
Panama, Gamboa,,,,,
Panama, Gamboa,,,,,
Panama, Gamboa,,,,,
missing,,,,,,
USA, Hawai, Hilo Experimental farm,,,,
NA,,,,,,
Panama,Barro Colorado Island,,,,,
USA, Touchet, WA,,,,
Canada, MB, Whiteshell Prov. Pk, Pine Point Rapids Trail.,,,
Canada, MB, Spruce woods Prov. Pk. Trap#2 by cabin on trail.,,,,
Canada, MB, Spruce woods Prov. Pk. Trap#1 by cabin on trail. 49.665467; -99.2791; 343m.,,,,
USA,Idaho,Nampa,,,,
United Kingdom, Scotland, England,,,,
USA,Utah,,,,,
Germany, Gross-Gerau, Hessen,,,,
USA, Rochester, New York,,,,
China, Zhejiang,,,,,
Canada, near Picture Butte, Alberta,,,,
Japan,,,,,,
Finland, Kilpisjarvi,,,,,
Sweden, Abisko,,,,,
Netherlands,,,,,,
Wageningen,,,,,,
Peru, Puira Valley,,,,,
Panama,,,,,,
USA, State College, Pennsylvania,,,,
USA, Miami, FL,,,,
USA, MD,,,,,
USA, MD,,,,,
Canada, Nanaimo, Vancouver Island, British Columbia,,,
New Zealand, Lincoln,,,,,
USA, Volcano, HI,,,,
New Zealand, Pelorus River,,,,,
USA,,,,,,
United Kingdom,,,,,,
150,,,,,,
51.772,,,,,,
-1.338,,,,,,
Wytham , Behind Chalet,,,,,
United Kingdom,,,,,,
150,,,,,,
51.772,,,,,,
-1.338,,,,,,
Wytham , Behind Chalet,,,,,
United Kingdom,,,,,,
150,,,,,,
51.765,,,,,,
-1.327,,,,,,
Wytham , Ant Hills region,,,,,
United Kingdom,,,,,,
150,,,,,,
51.765,,,,,,
-1.327,,,,,,
Wytham , Ant Hills region,,,,,
China,,,,,,
Japan, Tokyo, Bunkyo-ku, Yayoi,,,
China, Beijing,,,,,
USA, HI, Oahu,,,,
United Kingdom,,,,,,
150,,,,,,
51.769,,,,,,
-1.329,,,,,,
Berkshire , Wytham woods,,,,,
United Kingdom,,,,,,
150,,,,,,
51.769,,,,,,
-1.329,,,,,,
Berkshire , Wytham woods,,,,,
United Kingdom,,,,,,
150,,,,,,
51.769,,,,,,
-1.329,,,,,,
Berkshire , Wytham woods,,,,,
China,Hubei,,,,,
China, Zhejiang,,,,,
USA, Houma, LA,,,,
China, Beijing,,,,,
USA,,,,,,
Canada, Ottawa,,,,,
United Kingdom,,,,,,
150,,,,,,
51.769,,,,,,
-1.329,,,,,,
Berkshire , Wytham woods,,,,,
United Kingdom,,,,,,
150,,,,,,
51.769,,,,,,
-1.329,,,,,,
Berkshire , Wytham woods,,,,,
United Kingdom,,,,,,
150,,,,,,
51.769,,,,,,
-1.329,,,,,,
Berkshire , Wytham woods,,,,,
United Kingdom,,,,,,
150,,,,,,
51.772,,,,,,
-1.337,,,,,,
Wytham , Chalet ride,,,,,
United Kingdom,,,,,,
150,,,,,,
51.772,,,,,,
-1.337,,,,,,
Wytham , Chalet ride,,,,,
United Kingdom,,,,,,
150,,,,,,
51.772,,,,,,
-1.337,,,,,,
Wytham , Chalet ride,,,,,
United Kingdom,,,,,,
150,,,,,,
51.772,,,,,,
-1.338,,,,,,
Wytham , Behind Chalet,,,,,
United Kingdom,,,,,,
150,,,,,,
51.772,,,,,,
-1.338,,,,,,
Wytham , Behind Chalet,,,,,
United Kingdom,,,,,,
150,,,,,,
51.772,,,,,,
-1.338,,,,,,
Wytham , Behind Chalet,,,,,
United Kingdom,,,,,,
150,,,,,,
51.772,,,,,,
-1.338,,,,,,
Wytham , Behind Chalet,,,,,
United Kingdom,,,,,,
150,,,,,,
51.772,,,,,,
-1.338,,,,,,
Wytham , Behind Chalet,,,,,
United Kingdom,,,,,,
150,,,,,,
51.772,,,,,,
-1.338,,,,,,
Wytham , Behind Chalet,,,,,
China, Tianjin,,,,,
United Kingdom,,,,,,
150,,,,,,
51.772,,,,,,
-1.338,,,,,,
Wytham , Behind Chalet,,,,,
United Kingdom,,,,,,
150,,,,,,
51.772,,,,,,
-1.338,,,,,,
Wytham , Behind Chalet,,,,,
United Kingdom,,,,,,
150,,,,,,
51.764,,,,,,
-1.327,,,,,,
Wytham , near Ant Hills,,,,,
United Kingdom,,,,,,
150,,,,,,
51.764,,,,,,
-1.327,,,,,,
Wytham , near Ant Hills,,,,,
United Kingdom,,,,,,
150,,,,,,
51.764,,,,,,
-1.327,,,,,,
Wytham , near Ant Hills,,,,,
United Kingdom,,,,,,
150,,,,,,
51.767,,,,,,
-1.31,,,,,,
Wytham , Marley fen,,,,,
United Kingdom,,,,,,
150,,,,,,
51.767,,,,,,
-1.31,,,,,,
Wytham , Marley fen,,,,,
United Kingdom,,,,,,
150,,,,,,
51.768,,,,,,
-1.337,,,,,,
Berkshire , Wytham Woods,,,,,
United Kingdom,,,,,,
150,,,,,,
51.768,,,,,,
-1.337,,,,,,
Berkshire , Wytham Woods,,,,,
United Kingdom,,,,,,
150,,,,,,
51.768,,,,,,
-1.337,,,,,,
Berkshire , Wytham Woods,,,,,
Spain, IRTA Cabrils,,,,,
United Kingdom,,,,,,
150,,,,,,
51.772,,,,,,
-1.338,,,,,,
Berkshire , Wytham Woods,,,,,
United Kingdom,,,,,,
150,,,,,,
51.772,,,,,,
-1.338,,,,,,
Berkshire , Wytham Woods,,,,,
United Kingdom,,,,,,
150,,,,,,
51.772,,,,,,
-1.338,,,,,,
Berkshire , Wytham Woods,,,,,
United Kingdom,,,,,,
150,,,,,,
51.772,,,,,,
-1.338,,,,,,
Berkshire , Wytham woods,,,,,
United Kingdom,,,,,,
150,,,,,,
51.772,,,,,,
-1.338,,,,,,
Berkshire , Wytham woods,,,,,
United Kingdom,,,,,,
150,,,,,,
51.772,,,,,,
-1.338,,,,,,
Berkshire , Wytham woods,,,,,
China, Hangzhou,,,,,
United Kingdom,,,,,,
150,,,,,,
51.772,,,,,,
-1.338,,,,,,
Wytham , Behind Chalet,,,,,
United Kingdom,,,,,,
150,,,,,,
51.772,,,,,,
-1.338,,,,,,
Wytham , Behind Chalet,,,,,
United Kingdom,,,,,,
150,,,,,,
51.772,,,,,,
-1.338,,,,,,
Wytham , Behind Chalet,,,,,
United Kingdom,,,,,,
150,,,,,,
51.772,,,,,,
-1.338,,,,,,
Wytham Great Wood,,,,,,
United Kingdom,,,,,,
150,,,,,,
51.772,,,,,,
-1.338,,,,,,
Wytham Great Wood,,,,,,
United Kingdom,,,,,,
150,,,,,,
51.772,,,,,,
-1.338,,,,,,
Wytham Great Wood,,,,,,
United Kingdom,,,,,,
150,,,,,,
51.762,,,,,,
-1.338,,,,,,
Berkshire , Wytham Woods,,,,,
United Kingdom,,,,,,
150,,,,,,
51.762,,,,,,
-1.338,,,,,,
Berkshire , Wytham Woods,,,,,
United Kingdom,,,,,,
150,,,,,,
51.762,,,,,,
-1.338,,,,,,
Berkshire , Wytham Woods,,,,,
United Kingdom,,,,,,
150,,,,,,
51.772,,,,,,
-1.337,,,,,,
Wytham , near Chalet,,,,,
United Kingdom,,,,,,
150,,,,,,
51.772,,,,,,
-1.337,,,,,,
Wytham , near Chalet,,,,,
Malaysia, Sabah,,,,,
USA, TX, Hidalgo Co., Old Rio Rico Rd. 1.5 air mi SE of Relampago,,,
Costa Rica, Alajuela Prov., ACG, Sector Rincon Rain Forest, Sendero Albergue Crater,,
Costa Rica, Alajuela Prov., ACG, Sector San Cristobal, Sendero Carmona,,
USA, NM, Eddy Co., Lincoln National Forest, S FM409, 2 air mi NE Sitting Bull Falls,
Brazil, Mato Grosso, Colegio Buriti, Chap. Guimares,,,
Ecuador, Napo, Km. 49 Tena-Loreto Rd.,,,,
Costa Rica, Alajuela Prov., ACG, Sector San Cristobal, Sendero Vivero,,
Costa Rica, Guanacaste Prov., ACG, Sector Cacao, Sendero Cima,,
Mexico, Hidalgo, Cuesta Colorado,,,,
Ecuador, Esmeraldas, Rio Chuchuvi, km 12.5 Lita-San Lorenzo Rd.,,,
Panama, Panama, Gamboa, Pipeline road,,,
Peru, San Martin, Puente Aguas Verdes,,,,
Peru, Cuzco, Cosnipata Valley, San Pedro vicinity,,,
USA, FL, Monroe Co., Key West,,,
Guyana, Upper Takutu-Upper Essequibo (Region 9), Kanuku Mts., Nappu Creek,,,
Costa Rica, Alajuela Prov., ACG, Sector Rincon Rain Forest, Palomo,,
Costa Rica, Alajuela Prov., ACG, Sector San Cristobal, Sendero Carmona,,
Costa Rica, Alajuela Prov., ACG, Sector Rincon Rain Forest, Quebrada Bambu,,
Costa Rica, Alajuela Prov., ACG, Brasilia, Gallinazo,,
Brazil, Rio de Janeiro, Teresopolis P. N. Serra dos Orgaos,,,,
USA, WI, Burnett Co., Crex Meadows WMA,,,
Peru, Cuzco, Quitacalzone, Cosnipata Road,,,
Ecuador, Sucumbios, Cerro Lumbaqui Norte,,,,
Costa Rica, Guanacaste Prov., ACG, Sector Mundo Nuevo, Camino Pozo Tres,,
French Guiana, Montagne de Kaw,,,,,
Costa Rica, Alajuela Prov., ACG, Brasilia, Moga,,
Ecuador, Sucumbios, ridge N of Puerto Libre, km 35 Lumbaqui-La Bonita rd.,,,
USA, TX, Cameron Co., La Feria, along FM506,,
Myanmar, S. Shan State, Kalaw Reservoir,,,,
USA, CA, Sierra Co., Tahoe National Forest, Mohawk-Chapman Rd.,,
Costa Rica, Guanacaste Prov., ACG, Sector Mundo Nuevo, Vado Miramonte,,
Costa Rica, Guanacaste Prov., ACG, Sector Horizontes, Vado Esperanza,,
USA, OK, Atoka Co., McGee Creek Natural Scenic Recreation Area,,,
USA, AZ, Pinal Co., Coronado N.F., Catalina Mts., S of Oracle, Peppersauce Canyon
USA, TX, Wise Co., LBJ National Grassland,,,
USA, TX, Starr Co., Rio Grande City, Fort Ringgold,,
Brazil, Minas Gerais, Serra do Cipo,,,,
USA, Texas, Sabine Co., Sabine National Forest, 1 mi south of Fairmount, near Fox Hunters' Hill,
USA, TX, Starr Co., Roma, Citizens State Bank,,
Costa Rica, Guanacaste Prov., ACG, Sector Pitilla, Bullas,,
Peru, Cuzco, Cosnipata Road, Paradise Lodge,,,
USA, TX, Cameron Co., E of Brownsville, Boca Chica,,
USA, TX, Starr Co., Rio Grande City, Fort Ringgold,,
China, Sichuan Prov., Pingwu Co., The Old Creek Nature reserve,,,
USA, Virgin Islands, St. Croix, St. George Botanical Gardens,,,
Costa Rica, Guanacaste Prov., ACG, Sector El Hacha, Vuelta Peligrosa,,
Costa Rica, Guanacaste Prov., ACG, Sector Santa Rosa, Area Administrativa,,
Costa Rica, Alajuela Prov., ACG, Sector San Cristobal, Jardin Estrada,,
USA, TX, Blanco Co., Middle Creek Rd. nr. USH290, O. B. Jackson Ranch,,
Costa Rica, Guanacaste Prov., ACG, Sector Santa Maria, Santa Maria,,
Peru, Cuzco, Cosnipata Valley, Quebrada Santa Isabel,,,
Myanmar, Chin State, Alaungdaw Khattapa Nat. Park,,,,
Peru, Cuzco, Cosnipata Rd.,,,,
Peru, Cuzco, Cosnipata Rd.,,,,
Peru, Cuzco, Cosnipata Rd.,,,,
Peru, Cuzco, Cosnipata Rd.,,,,
Costa Rica, Guanacaste Prov., ACG, Sector Santa Elena, Casa Potrero Grande,,
Costa Rica, Guanacaste Prov., ACG, Sector Cacao, Sendero Circular,,
Brazil, Rio de Janeiro, Teresopolis, P. N. Serrra dos Orgaos,,,
Costa Rica, Alajuela Prov., ACG, Sector Rincon Rain Forest, Finca Esmeralda,,
Peru, Amazonas, W Abra Wawajin,,,,
Costa Rica, Alajuela Prov., ACG, Sector Rincon Rain Forest, Estacion Botarrama,,
Costa Rica, Guanacaste Prov., ACG, Sector Mundo Nuevo, Punta Plancha,,
Peru, Cuzco, Cosnipata Valley,,,,
USA,DC,,,,,
Dominican Republic, Pedernales Prov., Las Abejas, ca 12 km NW Aceitillar,,,
Namibia,,,,,,
Namibia,,,,,,
USA, WV, Pendleton Co., FS112, 0.8 air mi W of Simoda,,
Romania,,,,,,
46.653,,,,,,
25.37,,,,,,
Harghita , Near Gheorgheni,,,,,
Romania,,,,,,
46.653,,,,,,
25.37,,,,,,
Harghita , Near Gheorgheni,,,,,
USA, TX, Lamar Co., Pat Mayse WMA, FM1499 @ Craddock Creek,,
Costa Rica, Alajuela Prov., ACG, Sector San Cristobal, Sendero Perdido,,
Costa Rica, Guanacaste Prov., ACG, Sector Pitilla, Amonias,,
Myanmar, S. Shan State, Pay Ne Bin, near Kalaw,,,
Costa Rica, Alajuela Prov., ACG, Sector Rincon Rain Forest, Camino Albergue Oscar,,
USA, TX, Hidalgo Co., Alamo,,,
Hungary,,,,,,
47.019264,,,,,,
17.505997,,,,,,
Szöc,,,,,,
Hungary,,,,,,
47.019264,,,,,,
17.505997,,,,,,
Szöc,,,,,,
USA, FL, Levy Co., W of Williston Highlands, along FM337,,
USA, TX, Cameron Co., E of Brownsville, Boca Chica,,
Madagascar, Fianarantsoa Prov., 7 km SW Ranomafana,,,,
Costa Rica, Guanacaste Prov., ACG, Sector El Hacha, Estacion Los Almendros,,
Costa Rica, Alajuela Prov., ACG, Brasilia, Moga,,
Costa Rica, Guanacaste Prov., ACG, Sector Pitilla, Sendero Laguna,,
Mexico, Oaxaca, Sierra Juarez, Gulf slope,,,
USA, Texas, Dallas County, Dallas, White Rock Lake, Olive Shapiro Park,
China, Yunnan, Mengla Co.,,,,
USA, AZ, Santa Cruz Co., Harshaw Cr. Rd., 6.5 mi from Patagonia,,
Argentina, Misiones, Garuape,,,,
Brazil, Rio de Janeiro, P. N. de Itatiaia,,,,
USA, Texas, Pecos Co., Grass Mountains,,,
Peru, Cuzco, Paucartambo/Acianaco Rd., Quebrada, Chusa, km 88,
Brazil, Rio de Janeiro, Casimiro de Abreu (Aldeia Velha),,,,
Costa Rica, Alajuela Prov., ACG, Sector Rincon Rain Forest, Rio Francia Arriba,,
Costa Rica, Guanacaste Prov., ACG, Sector Pitilla, Medrano,,
Costa Rica, Guanacaste Prov., ACG, Sector Pitilla, Medrano,,
Costa Rica, Guanacaste Prov., ACG, Sector El Hacha, La Guitarra,,
Costa Rica, Alajuela Prov., ACG, Sector Rincon Rain Forest, Sendero Juntas,,
Ecuador, Pichincha Prov., Maquipucuna, nr. Nanegalito,,,
Ecuador, Morona-Santiago, Rio Abanico,,,,
Brazil, Santa Catarina, Sao Bento do Sul, Rio Vermelho,,,
Peru, Cuzco, Cosnipata Valley, San Pedro Lodge,,,
Costa Rica, Guanacaste Prov., ACG, Sector Del Oro, Monte Cristo,,
Iran,,,,,,
Turkey, Nigde, Demirkazik, 1850 m,,,
Costa Rica, Guanacaste Prov., ACG, Sector Del Oro, Quebrada Suamposa,,
Peru, Madre de Dios, Atalaya,,,,
Brazil, Rondonia, 8 km N Caculandia,,,,
Costa Rica, Guanacaste Prov., ACG, Sector Mundo Nuevo, Quebrada Tibio Perla,,
Brazil, Mato Grosso, Serra do Cipo,,,,
Costa Rica, Guanacaste Prov., ACG, Sector Pitilla, Sendero Mismo,,
USA, TX, Bastrop Co., Lost Pines boyscout camp,,,
Costa Rica, Guanacaste Prov., ACG, Sector Del Oro, Camino Mangos,,
Costa Rica, Guanacaste Prov., ACG, Sector El Hacha, Estacion Los Almendros,,
Peru, Cuzco, Cosnipata Road, Mirador, 1700 m,,
Costa Rica, ACG, 1150 m,,,,
Guyana,,,,,,
Peru, Chanchamayo,,,,,
United Kingdom,,,,,,
55.400132,,,,,,
-3.3352,,,,,,
Scotland , Carrifan Wildwood,,,,,
United Kingdom,,,,,,
55.400132,,,,,,
-3.3352,,,,,,
Scotland , Carrifan Wildwood,,,,,
Brazil, Rio de Janeiro, Teresopolis P. N. Serra dos Orgaos,,,,
Costa Rica, Alajuela Prov., ACG, Sector Rincon Rain Forest, Rio Francia Arriba,,
Peru, Tingo Maria,,,,,
Panama, Chiriqui, Santa Clara, Finca Hartmann,,,
Brazil, Santa Catarina, Bento do Sul, Rio Vermelho,,,
Costa Rica, Guanacaste Prov., ACG,,,,
USA, TX, Hidalgo Co., LaGrulla,,,
Brazil, Rondonia, vic. Caucalandia,,,,
Ecuador, Succumbios, Cerro Lumbaqui Norte,,,,
Brazil, Parana, Guaratuba, Castelhanos,,,
Costa Rica, Alajuela Prov., ACG, Sector San Cristobal, Finca San Gabriel,,
Brazil, Santa Catarina, Joinville,,,,
Colombia,,,,,,
Costa Rica, Alajuela Prov., ACG, Sector San Cristobal, Sendero Carmona,,
Ecuador, Napo Prov., 4 km Tena-Pano Rd.,,,,
Costa Rica, ACG, 96 m,,,,
Costa Rica, Alajuela Prov., ACG, Brasilia, Moga,,
Costa Rica, Guanacaste Prov., ACG, Sector Pitilla, Pasmompa,,
USA, FL, Monroe Co., Key West,,,
USA, AZ, Santa Cruz Co.,,,,
USA, CO, Grand Co., 4 air mi SSE Hot Sulphur Springs, CR50, 4 air mi SE USH40,
Costa Rica, Guanacaste Prov., ACG, Sector San Cristobal, Tajo Angeles,,
USA, FL, Monroe Co., Key West,,,
Costa Rica, Guanacaste Prov., ACG, Sector Pitilla, Estacion Pitilla,,
Brazil, Santa Catarina, Joinville,,,,
Myanmar, S. Shan State, Ywangan Twsp,,,,
Brazil, Pernambuco,,,,,
Guyana, Iwokrama Mts, Iwokrama Rainforest Reserve,,,,
Peru, Amazonas, Abra Pardo Miguel,,,,
Costa Rica, Guanacaste Prov., ACG, Sector Del Oro, Monte Cristo,,
Bolivia, Beni, 40 km E San Borja Estacion Biologica Beni, Palm Camp,,,
Ecuador, Zamora-Chinchipe, Chicana,,,,
Peru, Cuzco, Cosnipata Rd., San Pedro Lodge,,,
Costa Rica, Alajuela Prov., ACG, Sector San Cristobal, Puente Palma,,
Peru, Madre de Dios, Amazonia Lodge,,,,
Costa Rica, Guanacaste Prov., ACG, Sector El Hacha, Estacion Los Almendros,,
Costa Rica, Guanacaste Prov., ACG, Sector Pitilla, Bullas,,
China, Sichuan, Luzhou,,,,
USA, TX, Starr Co., Roma International Bridge,,,
Namibia,,,,,,
Namibia,,,,,,
Namibia,,,,,,
Costa Rica, Guanacaste Prov., ACG, Sector Pitilla, Estacion Quica,,
Myanmar, S. Shan State, Kalaw Reservoir,,,,
Costa Rica, Alajuela Prov., ACG, Sector Rincon Rain Forest, Guanacaste,,
USA, AZ, Cochise Co., Huachuca Mts., Miller Canyon,,
Costa Rica, Guanacaste Prov., ACG, Sector El Hacha, Quebrada Leona,,
Philippines, Palawan,,,,,
USA, WY, Park Co., Yellowstone National Park, nr. Mt. Washburn,,
Costa Rica, Guanacaste Province, Area de Conservation Guanacaste, Sector Rincon Rain Forest, Camino Rio Francia,,
Costa Rica, Guanacaste Province, Area de Conservation Guanacaste, Sector Pitilla, Sendero Nacho,,
Costa Rica, Alajuela Province, Area de Conservation Guanacaste, Sector San Cristobal, Rio Blanco Abajo,,
Costa Rica, Alajuela Prov., ACG, Sector Rincon Rain Forest, Palomo,,
Costa Rica, Guanacaste Prov., ACG, Sector Mundo Nuevo, Camino Brisas,,
USA, FL, Miami-Dade Co., Homestead, S of Keys Gate Golf Club,,
Costa Rica, Alajuela Prov., ACG, Sector Rincon Rain Forest, Sendero Juntas,,
Guyana, Region 9, Kanuka Mts., Nappi Mt.,,,
Costa Rica, Guanacaste Prov., ACG, Sector Cacao, Sendero Derrumbe,,
Mexico, Sonora, Rte 16, 8.5 mi W. Rio Yaqui,,,
Costa Rica, Guanacaste Prov., ACG, Sector Pitilla, Sendero Orosilito,,
Ecuador, Zamora-Chinchipe, 24 km Zamora-Loja Rd., Quebrada San Ramon,,,
Costa Rica, Guanacaste Prov., ACG, Sector Del Oro, Quebrada Trigal,,
China, Guilin,,,,,
Romania,,,,,,
46.834,,,,,,
23.629,,,,,,
NOT_PROVIDED,,,,,,
Romania,,,,,,
46.834,,,,,,
23.629,,,,,,
NOT_PROVIDED,,,,,,
USA, Louisiana, Natchitoches Parish, Kisatchie National Forest,,,
United Kingdom,,,,,,
not provided,,,,,,
not provided,,,,,,
Alex Hayward's House,,,,,,
United Kingdom,,,,,,
not provided,,,,,,
not provided,,,,,,
Alex Hayward's House,,,,,,
Myanmar, S. Shan State,,,,,
Romania,,,,,,
46.416,,,,,,
23.192,,,,,,
Alba , Apuseni Mt. , Lupsa,,,,
Romania,,,,,,
46.416,,,,,,
23.192,,,,,,
Alba , Apuseni Mt. , Lupsa,,,,
USA,,,,,,
USA, FL, Miami-Dade Co., Miami,,,
Spain,,,,,,
40.3638,,,,,,
40.3638,,,,,,
Aragon , Teruel , Alcalá de la Selva,,,,
Spain,,,,,,
40.3638,,,,,,
40.3638,,,,,,
Aragon , Teruel , Alcalá de la Selva,,,,
Australia, New South Wales, Ebor,,,,
South Africa, KwaZulu Natal, Eshowe,,,,
United Kingdom,,,,,,
56.04,,,,,,
-2.82,,,,,,
Scotland , Gullane,,,,,
United Kingdom,,,,,,
56.04,,,,,,
-2.82,,,,,,
Scotland , Gullane,,,,,
Spain,,,,,,
41.8103,,,,,,
2.3054,,,,,,
Catalunya , El Brull,,,,,
Spain,,,,,,
41.8103,,,,,,
2.3054,,,,,,
Catalunya , El Brull,,,,,
Romania,,,,,,
46.609,,,,,,
23.457,,,,,,
Sacel,,,,,,
Romania,,,,,,
46.609,,,,,,
23.457,,,,,,
Sacel,,,,,,
USA,,,,,,
Romania,,,,,,
47.119,,,,,,
23.165,,,,,,
Zalau , Romanasi,,,,,
Romania,,,,,,
47.119,,,,,,
23.165,,,,,,
Zalau , Romanasi,,,,,
USA,,,,,,
USA,,,,,,
United Kingdom,,,,,,
150,,,,,,
51.769,,,,,,
-1.339,,,,,,
Berkshire , Wytham Woods,,,,,
United Kingdom,,,,,,
150,,,,,,
51.769,,,,,,
-1.339,,,,,,
Berkshire , Wytham Woods,,,,,
United Kingdom,,,,,,
150,,,,,,
51.769,,,,,,
-1.339,,,,,,
Berkshire , Wytham Woods,,,,,
China, Beijing,,,,,
United Kingdom,,,,,,
150,,,,,,
51.772,,,,,,
-1.338,,,,,,
Wytham , Behind Chalet,,,,,
United Kingdom,,,,,,
150,,,,,,
51.772,,,,,,
-1.338,,,,,,
Wytham , Behind Chalet,,,,,
United Kingdom,,,,,,
150,,,,,,
51.772,,,,,,
-1.338,,,,,,
Wytham , Behind Chalet,,,,,
United Kingdom,,,,,,
150,,,,,,
51.767,,,,,,
-1.31,,,,,,
Wytham , Marley fen,,,,,
United Kingdom,,,,,,
150,,,,,,
51.767,,,,,,
-1.31,,,,,,
Wytham , Marley fen,,,,,
United Kingdom,,,,,,
150,,,,,,
51.767,,,,,,
-1.31,,,,,,
Wytham , Marley fen,,,,,
United Kingdom,,,,,,
150,,,,,,
51.775,,,,,,
-1.332,,,,,,
Wytham , main track,,,,,
United Kingdom,,,,,,
150,,,,,,
51.775,,,,,,
-1.332,,,,,,
Wytham , main track,,,,,
United Kingdom,,,,,,
150,,,,,,
51.775,,,,,,
-1.332,,,,,,
Wytham , main track,,,,,
United Kingdom,,,,,,
150,,,,,,
51.771,,,,,,
-1.337,,,,,,
Berkshire , Wytham Woods,,,,,
United Kingdom,,,,,,
150,,,,,,
51.771,,,,,,
-1.337,,,,,,
Berkshire , Wytham Woods,,,,,
United Kingdom,,,,,,
150,,,,,,
51.771,,,,,,
-1.337,,,,,,
Berkshire , Wytham Woods,,,,,
Kenya,,,,,,
United Kingdom,,,,,,
150,,,,,,
51.764,,,,,,
-1.327,,,,,,
Wytham , near Ant Hills,,,,,
United Kingdom,,,,,,
150,,,,,,
51.764,,,,,,
-1.327,,,,,,
Wytham , near Ant Hills,,,,,
United Kingdom,,,,,,
150,,,,,,
51.764,,,,,,
-1.327,,,,,,
Wytham , near Ant Hills,,,,,
United Kingdom,,,,,,
150,,,,,,
51.765,,,,,,
-1.327,,,,,,
Wytham , Ant Hills region,,,,,
United Kingdom,,,,,,
150,,,,,,
51.765,,,,,,
-1.327,,,,,,
Wytham , Ant Hills region,,,,,
United Kingdom,,,,,,
150,,,,,,
51.765,,,,,,
-1.327,,,,,,
Wytham , Ant Hills region,,,,,
United Kingdom,,,,,,
51.186305,,,,,,
0.286464,,,,,,
England, Kent, Tonbridge,,,,
United Kingdom,,,,,,
51.186305,,,,,,
0.286464,,,,,,
England, Kent, Tonbridge,,,,
United Kingdom,,,,,,
51.186305,,,,,,
0.286464,,,,,,
England, Kent, Tonbridge,,,,
United Kingdom,,,,,,
51.186305,,,,,,
0.286464,,,,,,
England, Kent, Tonbridge,,,,
Australia, Black Mountain Labs, Canberra,,,,
United Kingdom,,,,,,
51.486,,,,,,
3.178,,,,,,
Cardiff , Culture from Kille Lab,,,,,
United Kingdom,,,,,,
51.486,,,,,,
3.178,,,,,,
Cardiff , Culture from Kille Lab,,,,,
United Kingdom,,,,,,
51.486,,,,,,
3.178,,,,,,
Cardiff , Culture from Kille Lab,,,,,
United Kingdom,,,,,,
51.486,,,,,,
3.178,,,,,,
Cardiff , Culture from Kille Lab,,,,,
United Kingdom,,,,,,
51.486,,,,,,
3.178,,,,,,
Cardiff , Culture from Kille Lab,,,,,
United Kingdom,,,,,,
51.486,,,,,,
3.178,,,,,,
Cardiff , Culture from Kille Lab,,,,,
Canada, Saskatoon,,,,,
United Kingdom,,,,,,
150,,,,,,
51.765,,,,,,
-1.327,,,,,,
Wytham , Ant Hills region,,,,,
United Kingdom,,,,,,
150,,,,,,
51.765,,,,,,
-1.327,,,,,,
Wytham , Ant Hills region,,,,,
United Kingdom,,,,,,
150,,,,,,
51.765,,,,,,
-1.327,,,,,,
Wytham , Ant Hills region,,,,,
United Kingdom,,,,,,
150,,,,,,
51.772,,,,,,
-1.338,,,,,,
Wytham , near Chalet,,,,,
United Kingdom,,,,,,
150,,,,,,
51.772,,,,,,
-1.338,,,,,,
Wytham , near Chalet,,,,,
United Kingdom,,,,,,
150,,,,,,
51.772,,,,,,
-1.338,,,,,,
Wytham , near Chalet,,,,,
United Kingdom,,,,,,
150,,,,,,
51.772,,,,,,
-1.338,,,,,,
Wytham , Behind Chalet,,,,,
United Kingdom,,,,,,
150,,,,,,
51.772,,,,,,
-1.338,,,,,,
Wytham , Behind Chalet,,,,,
United Kingdom,,,,,,
150,,,,,,
51.771,,,,,,
-1.337,,,,,,
Berkshire , Wytham Woods,,,,,
United Kingdom,,,,,,
150,,,,,,
51.771,,,,,,
-1.337,,,,,,
Berkshire , Wytham Woods,,,,,
United Kingdom,,,,,,
150,,,,,,
51.771,,,,,,
-1.337,,,,,,
Berkshire , Wytham Woods,,,,,
United Kingdom,,,,,,
150,,,,,,
51.772,,,,,,
-1.338,,,,,,
Wytham , Behind Chalet,,,,,
United Kingdom,,,,,,
150,,,,,,
51.772,,,,,,
-1.338,,,,,,
Wytham , Behind Chalet,,,,,
United Kingdom,,,,,,
150,,,,,,
51.772,,,,,,
-1.338,,,,,,
Wytham , Behind Chalet,,,,,
France,,,,,,
China, Wuhan,,,,,
Zambia,,,,,,
USA, Maryland,,,,,
United Kingdom,,,,,,
150,,,,,,
51.772,,,,,,
-1.338,,,,,,
Wytham , Behind Chalet,,,,,
United Kingdom,,,,,,
150,,,,,,
51.772,,,,,,
-1.338,,,,,,
Wytham , Behind Chalet,,,,,
United Kingdom,,,,,,
150,,,,,,
51.772,,,,,,
-1.338,,,,,,
Wytham , Behind Chalet,,,,,
United Kingdom,,,,,,
150,,,,,,
51.774,,,,,,
-1.339,,,,,,
Berkshire , Wytham Woods,,,,,
United Kingdom,,,,,,
150,,,,,,
51.774,,,,,,
-1.339,,,,,,
Berkshire , Wytham Woods,,,,,
United Kingdom,,,,,,
150,,,,,,
51.774,,,,,,
-1.339,,,,,,
Berkshire , Wytham Woods,,,,,
United Kingdom,,,,,,
150,,,,,,
51.772,,,,,,
-1.338,,,,,,
Wytham , Behind Chalet,,,,,
United Kingdom,,,,,,
150,,,,,,
51.772,,,,,,
-1.338,,,,,,
Wytham , Behind Chalet,,,,,
United Kingdom,,,,,,
150,,,,,,
51.772,,,,,,
-1.338,,,,,,
Wytham , Behind Chalet,,,,,
United Kingdom,,,,,,
150,,,,,,
51.764,,,,,,
-1.327,,,,,,
Wytham , near Ant Hills,,,,,
United Kingdom,,,,,,
150,,,,,,
51.764,,,,,,
-1.327,,,,,,
Wytham , near Ant Hills,,,,,
United Kingdom,,,,,,
150,,,,,,
51.764,,,,,,
-1.327,,,,,,
Wytham , near Ant Hills,,,,,
United Kingdom,,,,,,
150,,,,,,
51.772,,,,,,
-1.338,,,,,,
Berkshire , Wytham Woods,,,,,
United Kingdom,,,,,,
150,,,,,,
51.772,,,,,,
-1.338,,,,,,
Berkshire , Wytham Woods,,,,,
United Kingdom,,,,,,
150,,,,,,
51.772,,,,,,
-1.338,,,,,,
Berkshire , Wytham Woods,,,,,
United Kingdom,,,,,,
150,,,,,,
51.768,,,,,,
-1.337,,,,,,
Berkshire , Wytham Woods,,,,,
United Kingdom,,,,,,
150,,,,,,
51.768,,,,,,
-1.337,,,,,,
Berkshire , Wytham Woods,,,,,
United Kingdom,,,,,,
150,,,,,,
51.768,,,,,,
-1.337,,,,,,
Berkshire , Wytham Woods,,,,,
Turkey,,,,,,
United Kingdom,,,,,,
55.400132,,,,,,
-3.3352,,,,,,
Scotland , Carrifan Wildwood,,,,,
United Kingdom,,,,,,
55.400132,,,,,,
-3.3352,,,,,,
Scotland , Carrifan Wildwood,,,,,
missing,,,,,,
Kenya, Kitengela,,,,,
India,,,,,,
USA, Greenfield, Massachusetts,,,,
USA,,,,,,
Peru,,,,,,
Indonesia, Bali,,,,,
Peru,,,,,,
Romania,,,,,,
46.416,,,,,,
23.192,,,,,,
Alba , Apuseni Mt. , Lupsa,,,,
Romania,,,,,,
46.416,,,,,,
23.192,,,,,,
Alba , Apuseni Mt. , Lupsa,,,,
Romania,,,,,,
46.416,,,,,,
23.192,,,,,,
Alba , Apuseni Mt. , Lupsa,,,,
Ecuador, Guaycuyacu,,,,,
Brazil,,,,,,
Peru,,,,,,
Puerto Rico,,,,,,
Peru,,,,,,
Panama,,,,,,
Panama,,,,,,
Brazil,Faro, PA,,,,
Ecuador,,,,,,
El Salvador, (butterfly breeder),,,,,
Brazil, Santa Cruz, Espirito Santo,,,,
Peru, Tarapoto,,,,,
Suriname,,,,,,
Colombia, Tolima, Mariquita Reserve,,,,
Peru,,,,,,
China,Shaanxi,,,,,
Thailand,,,,,,
USA, IN, Montgomery Co.,,,,
French Guiana,,,,,,
USA, AZ, Santa Cruz Co.,,,,
French Guiana,,,,,,
Jamaica,,,,,,
missing,,,,,,
USA, TX, Cameron Co.,,,,
Peru, Cuzco,,,,,
Jamaica,,,,,,
Romania,,,,,,
46.416,,,,,,
23.192,,,,,,
Alba , Apuseni Mt. , Lupsa,,,,
Romania,,,,,,
46.416,,,,,,
23.192,,,,,,
Alba , Apuseni Mt. , Lupsa,,,,
United Kingdom, Isles of Scilly,,,,,
Finland,,,,,,
Romania,,,,,,
46.416,,,,,,
23.192,,,,,,
Alba , Apuseni Mt. , Lupsa,,,,
Romania,,,,,,
46.416,,,,,,
23.192,,,,,,
Alba , Apuseni Mt. , Lupsa,,,,
United Kingdom,,,,,,
55.977161,,,,,,
-2.667545,,,,,,
Scotland , A1 , West Linton,,,,
United Kingdom,,,,,,
55.977161,,,,,,
-2.667545,,,,,,
Scotland , A1 , West Linton,,,,
Spain,,,,,,
43.0679,,,,,,
-6.239918,,,,,,
Asturias , Brana de Mumian , Somiedo,,,,
Spain,,,,,,
43.0679,,,,,,
-6.239918,,,,,,
Asturias , Brana de Mumian , Somiedo,,,,
Spain,,,,,,
43.0679,,,,,,
-6.239918,,,,,,
Asturias , Brana de Mumian , Somiedo,,,,
United Kingdom,,,,,,
55.400132,,,,,,
-3.3352,,,,,,
Scotland , Carrifan Wildwood,,,,,
United Kingdom,,,,,,
55.400132,,,,,,
-3.3352,,,,,,
Scotland , Carrifan Wildwood,,,,,
Mexico,,,,,,
United Kingdom,,,,,,
55.400132,,,,,,
-3.3352,,,,,,
Scotland , Carrifan Wildwood,,,,,
United Kingdom,,,,,,
55.400132,,,,,,
-3.3352,,,,,,
Scotland , Carrifan Wildwood,,,,,
United Kingdom,,,,,,
55.400132,,,,,,
-3.3352,,,,,,
Scotland , Carrifan Wildwood,,,,,
United Kingdom,,,,,,
55.400132,,,,,,
-3.3352,,,,,,
Scotland , Carrifan Wildwood,,,,,
USA, Hawaii, Oahu,,,,
Greece,,,,,,
Japan,,,,,,
Indonesia, Pakuli, North Sulawesi,,,,
Mexico,,,,,,
Panama, Canal Zone,,,,,
Australia, Queensland,,,,,
Argentina, Entre Rios,,,,,
Brazil, Santa Catarina, Sao Bento do Sul,,,,
Indonesia, Sulawesi,,,,,
unknown,,,,,,
unknown,,,,,,
unknown,,,,,,
China,,,,,,
France,,,,,,
Philippines, Marinduque,,,,,
Indonesia, East Simeulue Island,,,,,
Japan, Kanazawa, Ishikawa,,,,
China, Sichuan, Da Ba Mountain,,,,
Argentina, Missiones, Dos de Mayo,,,,
Australia,,,,,,
Australia,,,,,,
Philippines,,,,,,
Tajikistan, Ghissar,,,,,
Central African Republic,,,,,,
USA,,,,,,
Japan,,,,,,
Thailand,,,,,,
unknown,,,,,,
USA, Texas, Denton County, Lake Ray Roberts State Park,,,
USA, Missouri, Benton county,,,,
Taiwan,Hualien,,,,,
Japan,,,,,,
unknown,,,,,,
Malaysia,,,,,,
Peru, Tingo Maria,,,,,
Canada, Alberta, Whitney Creek,,,,
Costa Rica, Villa Colon,,,,,
Germany, Rheinland-Pfalz, Moseltal, Klotten,,,
Tajikistan, Varzob River (Dushanbe),,,,,
China, Sichuan, Zhe Duo Mountain,,,,
Canada, Alberta, Mount Allen,,,,
Madagascar,,,,,,
Peru,,,,,,
USA, Florida, Ocala State Forest,,,,
China, Beijing,,,,,
Myanmar, Kachin State, Mitkyina,,,,
Malaysia,,,,,,
Philippines, Palawan,,,,,
Italy, Sicily,,,,,
United Kingdom,,,,,,
55.400132,,,,,,
-3.3352,,,,,,
Scotland , Carrifan Wildwood,,,,,
United Kingdom,,,,,,
55.400132,,,,,,
-3.3352,,,,,,
Scotland , Carrifan Wildwood,,,,,
United Kingdom,,,,,,
55.400132,,,,,,
-3.3352,,,,,,
Scotland , Carrifan Wildwood,,,,,
Spain, Catalonia,,,,,
unknown,,,,,,
missing,,,,,,
Japan,Kagoshima, Tanegashima,,,,
USA, TX, San Jacinto Co, Sam Houston NF, Big Creek Scenic Area,,
United Kingdom,,,,,,
55.977161,,,,,,
-2.667545,,,,,,
Scotland , A1 , West Linton,,,,
United Kingdom,,,,,,
55.977161,,,,,,
-2.667545,,,,,,
Scotland , A1 , West Linton,,,,
USA,,,,,,
East River Valley, Crested Butte, CO,,,,
United Kingdom,,,,,,
55.400132,,,,,,
-3.3352,,,,,,
Scotland , Carrifan Wildwood,,,,,
United Kingdom,,,,,,
55.400132,,,,,,
-3.3352,,,,,,
Scotland , Carrifan Wildwood,,,,,
USA, Texas, Dallas Co., Dallas,,,
Japan,Chiba,,,,,
USA, Urbana, Illinois,,,,
United Kingdom,,,,,,
150,,,,,,
51.767,,,,,,
-1.33,,,,,,
Wytham,,,,,,
United Kingdom,,,,,,
150,,,,,,
51.767,,,,,,
-1.33,,,,,,
Wytham,,,,,,
China, Zunyi, Guizhou,,,,
South Korea, Daejeon,,,,,
USA, TX,,,,,
USA, TX,,,,,
USA, TX,,,,,
USA, AZ,,,,,
USA, Texas, Hidalgo Co, Penitas RR tracks,,,
USA, TX,,,,,
USA, Texas, Hardin Co, 4.4 mi SW Kountze, along FM770,,
Costa Rica, ACG,,,,,
USA, TX,,,,,
Peru,,,,,,
Mexico, Sonora,,,,,
Costa Rica, ACG,,,,,
Costa Rica, ACG,,,,,
USA, TX,,,,,
USA, TX,,,,,
Costa Rica, ACG,,,,,
Argentina, Mendosa,,,,,
Peru, Cuzco,,,,,
Costa Rica, Area de Conservacion Guanacaste (ACG),,,,,
USA,,,,,,
India, Ranchi, Jharkhand,,,,
China, Fengcheng Liaoning Province,,,,,
not applicable,,,,,,
United Kingdom,,,,,,
150,,,,,,
51.771,,,,,,
-1.337,,,,,,
Berkshire , Wytham Woods,,,,,
United Kingdom,,,,,,
150,,,,,,
51.771,,,,,,
-1.337,,,,,,
Berkshire , Wytham Woods,,,,,
United Kingdom,,,,,,
150,,,,,,
51.771,,,,,,
-1.337,,,,,,
Berkshire , Wytham Woods,,,,,
missing,,,,,,
Italy, Mt. Terminillo, Vallonina (950m),,,,
United Kingdom,,,,,,
150,,,,,,
51.768,,,,,,
-1.337,,,,,,
Berkshire , Wytham Woods,,,,,
United Kingdom,,,,,,
150,,,,,,
51.768,,,,,,
-1.337,,,,,,
Berkshire , Wytham Woods,,,,,
United Kingdom,,,,,,
150,,,,,,
51.768,,,,,,
-1.337,,,,,,
Berkshire , Wytham Woods,,,,,
USA, Boston,,,,,
United Kingdom,,,,,,
150,,,,,,
51.768,,,,,,
-1.337,,,,,,
Berkshire , Wytham Woods,,,,,
United Kingdom,,,,,,
150,,,,,,
51.768,,,,,,
-1.337,,,,,,
Berkshire , Wytham Woods,,,,,
United Kingdom,,,,,,
150,,,,,,
51.768,,,,,,
-1.337,,,,,,
Berkshire , Wytham Woods,,,,,
United Kingdom,,,,,,
150,,,,,,
51.772,,,,,,
-1.338,,,,,,
Wytham , Ant Hills region,,,,,
United Kingdom,,,,,,
150,,,,,,
51.772,,,,,,
-1.338,,,,,,
Wytham , Ant Hills region,,,,,
missing,,,,,,
United Kingdom,,,,,,
150,,,,,,
51.769,,,,,,
-1.339,,,,,,
Berkshire , Wytham Woods,,,,,
United Kingdom,,,,,,
150,,,,,,
51.769,,,,,,
-1.339,,,,,,
Berkshire , Wytham Woods,,,,,
China, Gansu,,,,,
United Kingdom,,,,,,
150,,,,,,
51.769,,,,,,
-1.339,,,,,,
Berkshire , Wytham Woods,,,,,
United Kingdom,,,,,,
150,,,,,,
51.769,,,,,,
-1.339,,,,,,
Berkshire , Wytham Woods,,,,,
United Kingdom,,,,,,
150,,,,,,
51.765,,,,,,
-1.327,,,,,,
Wytham , near Ant Hills,,,,,
United Kingdom,,,,,,
150,,,,,,
51.765,,,,,,
-1.327,,,,,,
Wytham , near Ant Hills,,,,,
United Kingdom,,,,,,
150,,,,,,
51.765,,,,,,
-1.327,,,,,,
Wytham , Ant Hills region,,,,,
United Kingdom,,,,,,
150,,,,,,
51.765,,,,,,
-1.327,,,,,,
Wytham , Ant Hills region,,,,,
Costa Rica, Guanacaste Prov., ACG, Sector Cacao, Sendero Derrumbe,,
China, Guangdong Province,,,,,
United Kingdom,,,,,,
150,,,,,,
51.772,,,,,,
-1.338,,,,,,
Wytham , inside chalet,,,,,
United Kingdom,,,,,,
150,,,,,,
51.772,,,,,,
-1.338,,,,,,
Wytham , inside chalet,,,,,
Germany, Freckenfeld,,,,,
USA,,,,,,
Germany, Rhineland-Palatinate,,,,,
China, Beijing,,,,,
China,Shaan xi,,,,,
Thailand, Nakhon Ratchasima,,,,,
Japan,Tokushima,,,,,
USA, Kohala Mountains, Hawaii,,,,
Japan,Kagoshima, Amami Oshima,,,,
New Zealand, Totara Park, Auckland,,,,
Australia, Ball's Pyramid,,,,,
USA, California,,,,,
USA,,,,,,
USA,,,,,,
USA,,,,,,
USA,,,,,,
USA,,,,,,
USA,,,,,,
USA,,,,,,
USA,,,,,,
USA,,,,,,
USA, Salt Lake City,,,,,
USA, Montana, Glacier National Park, Head end of Lunch Creek,,,
USA, California, Soquel,,,,
China, Beijing,,,,,
Germany, Schwarze Ahe,,,,,
Germany, Bavarian Forest,,,,,
USA, Salt Lake County Utah,,,,,
Germany, Sachsen-Anhalt, Tangerhutte,,,,
USA, Ramsey County, Minnesota,,,,
Germany, Bavarian Forest,,,,,
Germany, Schwarze Ahe,,,,,
China, Yongding River, Yanchi Town, Beijing,,,
France,Trouhans,,,,,
USA, Boston,,,,,
USA, Boston,,,,,
USA,,,,,,
USA,Massachusetts, Plum Island,,,,
South Korea,,,,,,
South Korea, Gangwon-do,,,,,
Germany, Petshop trade,,,,,
Japan,Okinawa,,,,,
USA,Alaska,,,,,
Pacific Ocean,,,,,,
South Korea, Yeongdeok-gun, Gyeongsangbuk-do,,,,
Hong Kong,Hong Kong,,,,,
British Columbia,,,,,,
Australia, Lake Lawloit, north west of Horsham, Victoria,,,
Australia, Rapid Creek, Darwin, Northern Territory,,,
China,Huanghai,,,,,
Thailand,SuratThani,,,,,
China, Hainan,,,,,
Pacific Ocean,,,,,,
France, Thure,,,,,
France,Nice,,,,,
USA,Oswego, NY,,,,
Singapore,,,,,,
USA, Woods Hole, MA,,,,
Singapore,,,,,,
China,,,,,,
South Korea, Gangneung-si, Gangwon-do,,,,
Japan, Amami, Kasari Bay,,,,
USA, Oyster, Virginia,,,,
Russia, Saint Petersburg,,,,,
Australia, Orpheus Island,,,,,
USA, Emerald Reef, Florida,,,,
China, Zhejiang, Zhoushan,,,,
China,Ningde,,,,,
missing,,,,,,
USA, Atchafalaya Basin, near Stephensville, Louisiana,,,
Czech Republic, Elbe River,,,,,
Canada, Lake Ontario, Bay of Quinte,,,,
USA, Colorado,,,,,
Atlantic Ocean,,,,,,
Jekyll Island, Georgia, USA,,,,
Argentina,Chascoms,,,,,
Singapore,,,,,,
Indonesia,Sulawesi, Makassar,,,,
Malaysia, Penang,,,,,
Indonesia,Sulawesi, Muna,,,,
Netherlands, Dejong Marinelife, Rotterdam,,,,
Japan,Kochi, Yawata-gun,,,,
Japan,Nagasaki, Goto Island,,,,
USA, Kailua-Kona, Hawaii,,,,
United Kingdom,,,,,,
1,,,,,,
50.901563,,,,,,
-1.440836,,,,,,
Southampton Water,,,,,,
United Kingdom,,,,,,
1,,,,,,
50.901563,,,,,,
-1.440836,,,,,,
Southampton Water,,,,,,
USA,Florida,,,,,
GO Fish Education Center,,,,,,
Australia, New South Wales,,,,,
Australia, Broken River, Victoria,,,,
Snobs Creek Hatchery,,,,,,
Australia, Yarra River,,,,,
China, Guangxi,,,,,
China, Guangdong,,,,,
China, Guangxi,,,,,
China, Guangxi,,,,,
Singapore,,,,,,
Netherlands, Dejong Marinelife, Rotterdam,,,,
Lake Tanganyika,,,,,,
Lake Tanganyika,,,,,,
Lake Tanganyika,,,,,,
Nicaragua,,,,,,
Nicaragua,,,,,,
Lake Apoyo,,,,,,
Ecuador,,,,,,
Brazil,,,,,,
Nicaragua,,,,,,
Lake Tanganyika affluent,,,,,,
Jordan,,,,,,
Lake Tanganyika,,,,,,
Lake Tanganyika,,,,,,
Uruguay,,,,,,
Lake Tanganyika,,,,,,
Lake Tanganyika,,,,,,
Lake Tanganyika,,,,,,
Lake Tanganyika,,,,,,
Lake Tanganyika,,,,,,
Lake Tanganyika,,,,,,
Lake Tanganyika,,,,,,
Lake Tanganyika,,,,,,
Cameroon,,,,,,
Lake Tanganyika,,,,,,
Lake Tanganyika,,,,,,
Lake Tanganyika,,,,,,
Lake Tanganyika,,,,,,
Lake Tanganyika,,,,,,
Paraguay,,,,,,
Lake Tanganyika,,,,,,
Lake Tanganyika,,,,,,
Lake Tanganyika,,,,,,
Lake Tanganyika,,,,,,
Lake Tanganyika,,,,,,
Lake Tanganyika,,,,,,
Lake Tanganyika,,,,,,
Lake Tanganyika,,,,,,
Lake Tanganyika,,,,,,
Cameroon,,,,,,
Lake Tanganyika,,,,,,
Lake Tanganyika,,,,,,
Lake Tanganyika,,,,,,
Lake Tanganyika,,,,,,
Lake Tanganyika,,,,,,
Lake Tanganyika,,,,,,
Lake Tanganyika,,,,,,
Lake Tanganyika,,,,,,
Lake Tanganyika,,,,,,
Lake Tanganyika,,,,,,
Lake Tanganyika,,,,,,
Lake Tanganyika,,,,,,
Lake Tanganyika,,,,,,
Lake Tanganyika,,,,,,
Lake Tanganyika,,,,,,
Lake Tanganyika,,,,,,
Lake Tanganyika,,,,,,
Lake Tanganyika,,,,,,
Lake Tanganyika,,,,,,
Lake Tanganyika,,,,,,
Cameroon,,,,,,
India,,,,,,
Lake Tanganyika,,,,,,
Lake Tanganyika,,,,,,
Lake Tanganyika,,,,,,
Lake Tanganyika,,,,,,
Lake Tanganyika,,,,,,
missing,,,,,,
Lake Tanganyika affluent,,,,,,
Lake Tanganyika,,,,,,
Ruaha River,,,,,,
Lake Tanganyika,,,,,,
Lake Tanganyika,,,,,,
Lake Tanganyika,,,,,,
Lake Tanganyika,,,,,,
Cameroon,,,,,,
Western Africa,,,,,,
Lake Tanganyika,,,,,,
Lake Tanganyika,,,,,,
Lake Tanganyika,,,,,,
Lake Tanganyika,,,,,,
Lake Tanganyika,,,,,,
Lake Tanganyika,,,,,,
Lake Tanganyika,,,,,,
Lake Tanganyika,,,,,,
Lake Tanganyika,,,,,,
Lake Tanganyika,,,,,,
Lake Tanganyika,,,,,,
Malawi,,,,,,
Lake Tanganyika,,,,,,
Lake Tanganyika,,,,,,
Lake Tanganyika,,,,,,
Lake Tanganyika,,,,,,
Lake Tanganyika,,,,,,
Lake Tanganyika,,,,,,
Lake Tanganyika,,,,,,
Lake Tanganyika,,,,,,
Lake Tanganyika,,,,,,
Lake Tanganyika,,,,,,
Lake Tanganyika,,,,,,
Congo River,,,,,,
Lake Tanganyika,,,,,,
Lake Tanganyika,,,,,,
Lake Tanganyika,,,,,,
Lake Tanganyika,,,,,,
Lake Tanganyika,,,,,,
Lake Tanganyika,,,,,,
Lake Tanganyika,,,,,,
Lake Tanganyika,,,,,,
Lake Tanganyika,,,,,,
Lake Tanganyika,,,,,,
Lake Tanganyika,,,,,,
Lake Tanganyika,,,,,,
Lake Tanganyika,,,,,,
Lake Tanganyika,,,,,,
Lake Tanganyika,,,,,,
Malawi,,,,,,
Lake Tanganyika,,,,,,
Lake Tanganyika,,,,,,
Lake Tanganyika,,,,,,
missing,,,,,,
Lake Tanganyika,,,,,,
Lake Tanganyika,,,,,,
Lake Tanganyika,,,,,,
Lake Tanganyika,,,,,,
Lake Tanganyika,,,,,,
Lake Tanganyika,,,,,,
Lake Tanganyika,,,,,,
Lake Tanganyika,,,,,,
Lake Tanganyika affluent,,,,,,
Lake Tanganyika,,,,,,
Lake Tanganyika,,,,,,
Lake Tanganyika,,,,,,
Lake Tanganyika,,,,,,
Lake Tanganyika,,,,,,
Lake Tanganyika,,,,,,
Lake Tanganyika,,,,,,
Lake Tanganyika,,,,,,
Lake Tanganyika,,,,,,
Lake Tanganyika,,,,,,
Lake Tanganyika,,,,,,
Lake Tanganyika,,,,,,
Lake Tanganyika,,,,,,
Lake Tanganyika,,,,,,
Lake Tanganyika,,,,,,
Lake Tanganyika,,,,,,
Lake Tanganyika,,,,,,
Lake Tanganyika,,,,,,
Lake Tanganyika,,,,,,
Lake Tanganyika,,,,,,
Lake Tanganyika,,,,,,
Lake Tanganyika,,,,,,
Lake Tanganyika,,,,,,
Lake Tanganyika,,,,,,
Lake Tanganyika,,,,,,
Lake Tanganyika,,,,,,
Lake Tanganyika,,,,,,
Lake Tanganyika,,,,,,
Lake Tanganyika,,,,,,
Lake Tanganyika,,,,,,
Lake Tanganyika,,,,,,
Lake Tanganyika,,,,,,
Lake Tanganyika,,,,,,
Lake Tanganyika,,,,,,
Lake Tanganyika,,,,,,
Lake Tanganyika,,,,,,
Lake Tanganyika,,,,,,
Lake Tanganyika,,,,,,
Lake Tanganyika,,,,,,
Lake Tanganyika,,,,,,
Lake Tanganyika,,,,,,
Lake Tanganyika,,,,,,
Lake Tanganyika,,,,,,
Lake Tanganyika,,,,,,
Lake Tanganyika,,,,,,
Lake Tanganyika,,,,,,
Lake Tanganyika,,,,,,
Lake Tanganyika,,,,,,
Lake Tanganyika,,,,,,
Lake Tanganyika,,,,,,
Weiye Tilapia Seed Farm,,,,,,
Lake Tanganyika affluent,,,,,,
Saudi Arabia,,,,,,
Lake Tanganyika,,,,,,
Lake Tanganyika affluent,,,,,,
Lake Tanganyika affluent,,,,,,
Lake Tanganyika affluent,,,,,,
Lake Tanganyika affluent,,,,,,
Lake Tanganyika,,,,,,
Lake Tanganyika,,,,,,
Lake Tanganyika,,,,,,
Lake Tanganyika,,,,,,
Madagascar,,,,,,
Cameroon,,,,,,
Cameroon,,,,,,
Lake Tanganyika,,,,,,
Lake Tanganyika,,,,,,
Lake Tanganyika,,,,,,
Lake Tanganyika,,,,,,
Lake Tanganyika,,,,,,
Lake Tanganyika,,,,,,
Lake Tanganyika,,,,,,
Lake Tanganyika,,,,,,
Lake Tanganyika,,,,,,
Lake Tanganyika,,,,,,
Lake Tanganyika,,,,,,
Lake Tanganyika,,,,,,
Lake Tanganyika,,,,,,
Lake Tanganyika,,,,,,
Lake Tanganyika,,,,,,
Lake Tanganyika,,,,,,
Lake Tanganyika,,,,,,
Zambezi River,,,,,,
Lake Tanganyika,,,,,,
Lake Tanganyika,,,,,,
Lake Tanganyika,,,,,,
Lake Tanganyika,,,,,,
Lake Tanganyika,,,,,,
Lake Tanganyika,,,,,,
Madagascar,,,,,,
missing,,,,,,
Lake Tanganyika,,,,,,
Malawi,,,,,,
Zambezi River,,,,,,
Lake Barombi Mbo,,,,,,
Kafue River,,,,,,
Lake Tanganyika,,,,,,
Lake Tanganyika,,,,,,
Congo River,,,,,,
Lake Tanganyika,,,,,,
Lake Tanganyika,,,,,,
Lake Tanganyika,,,,,,
Lake Tanganyika,,,,,,
Lake Tanganyika,,,,,,
Lake Tanganyika,,,,,,
Lake Tanganyika,,,,,,
Lake Tanganyika,,,,,,
Lake Tanganyika,,,,,,
Lake Tanganyika affluent,,,,,,
Lake Tanganyika,,,,,,
Lake Tanganyika,,,,,,
Lake Tanganyika,,,,,,
Lake Fwa,,,,,,
Western Africa,,,,,,
Lake Chila,,,,,,
Lake Tanganyika,,,,,,
Lake Tanganyika,,,,,,
Lake Tanganyika,,,,,,
Lake Tanganyika,,,,,,
Lake Tanganyika,,,,,,
Lake Tanganyika,,,,,,
Lake Tanganyika,,,,,,
Lake Tanganyika,,,,,,
Lake Tanganyika,,,,,,
Lake Tanganyika,,,,,,
Lake Tanganyika,,,,,,
Lake Tanganyika,,,,,,
Lake Tanganyika,,,,,,
Lake Tanganyika,,,,,,
Lake Tanganyika,,,,,,
Lake Tanganyika,,,,,,
Lake Tanganyika,,,,,,
Lake Tanganyika,,,,,,
Lake Tanganyika,,,,,,
Lake Tanganyika,,,,,,
Lake Tanganyika,,,,,,
Lake Tanganyika,,,,,,
Lake Tanganyika,,,,,,
Lake Tanganyika,,,,,,
Lake Tanganyika,,,,,,
Lake Tanganyika,,,,,,
Lake Tanganyika,,,,,,
Lake Tanganyika,,,,,,
Lake Tanganyika,,,,,,
Lake Tanganyika,,,,,,
Lake Tanganyika,,,,,,
Lake Tanganyika,,,,,,
Lake Tanganyika,,,,,,
Lake Tanganyika,,,,,,
Lake Tanganyika,,,,,,
Lake Tanganyika,,,,,,
Lake Tanganyika,,,,,,
Lake Tanganyika,,,,,,
Lake Tanganyika,,,,,,
Lake Tanganyika,,,,,,
Lake Tanganyika,,,,,,
Lake Tanganyika,,,,,,
Lake Tanganyika,,,,,,
Lake Tanganyika,,,,,,
Lake Tanganyika,,,,,,
France,Pont-Scorff, Scorff River,,,,
USA, St. Johns River, Florida,,,,
Tanzania, Kigoma, Lake Tanganyika,,,,
Portugal, Esposende,,,,,
Yixing, JiangsuProvince, China,,,,
China, Yixing, Jiangsu Province,,,,
India, Bhubaneshwar,,,,,
China, Kunming, Yunnan Province,,,,
China, Lingyun, Guangxi,,,,
China, Lake Dianchi, Yunnan,,,,
China, Kunming, Yunnan Province,,,,
China, Luoping, Yunnan,,,,
not applicable,,,,,,
China, Gansu Province,,,,,
Indonesia,Pulau Singkep,,,,,
Germany, Wilhelma Zoo, Stuttgart,,,,
Seychelles, La Digue,,,,,
USA, Nevada, Ash Meadows National Wildlife Refuge,,,,
USA, New Mexico,,,,,
USA, Navarre, FL,,,,
Gabon, Cap Lopez,,,,,
Guinea, Takhori,,,,,
Zimbabwe, Gonarezhou,,,,,
Mozambique, Beira,,,,,
USA,Florida,,,,,
Mexico, Oquitoa, Rio Altar, Concepcion drainage, Sonora,,
Costa Rica, Rio Canas,,,,,
Costa Rica, Rio Canas,,,,,
Mexico, Nuevo Leon, Huasteca Canyon,,,,
Portland State University aquatics facility,,,,,,
Brazil, Barra de Sao Joao,,,,,
Singapore,,,,,,
Czech Republic, Jihlava River, Danube basin,,,,
Canada, Quebec,,,,,
Canada, Quebec,,,,,
USA, Alaska,,,,,
USA, Washington,,,,,
Belgium,,,,,,
Chile, Santo Domingo River, Valdivia, Los Rios district,,,
China, Xiamen,,,,,
China,,,,,,
Japan,Aomori,,,,,
Guangdong Laboratory Animals Monitoring Institute,,,,,,
Switzerland, Basel,,,,,
Malaysia,,,,,,
South Korea, Yellow Sea; JF4H+5P Ganghwa-gun, Incheon,,,,
China,,,,,,
Netherlands, Dejong Marinelife, Rotterdam,,,,
China, South Sea,,,,,
China, South Sea,,,,,
Norway,,,,,,
New Zealand, Tauranga,,,,,
Norway, Arendal,,,,,
USA, Florida Keys,,,,,
Laos, Mekong river,,,,,
Netherlands, Dejong Marinelife, Rotterdam,,,,
Norway,Nordland, Bod coastal waters,,,,
South Korea,,,,,,
Cuba, Emilio Cave, Las Canas, Artemisa Province,,,
Canada,Bear River,,,,,
missing,,,,,,
Gabon, Bambomo Creek,,,,,
Germany, east of Wahlscheidt,,,,,
Canada, Atlantic Ocean,,,,,
USA, Bear Paw Lake, Alaska,,,,
Japan,,,,,,
Finland,,,,,,
Antarctica, Marian Cove,,,,,
USA,Colorado, John W. Mumma Native Aquatic Species Restoration Facility,,,,
USA, Vermillion River drainage, Champaign County, IL,,,
USA,Wisconsin, Plum Lake,,,,
France,Nancy,,,,,
Canada, Ottawa River, Oka, QC,,,
Germany, Sachsen,,,,,
USA, Black Warrior River, AL,,,,
USA,Alaska,,,,,
Qingdao,,,,,,
Japan,,,,,,
USA, California,,,,,
Qingdao,,,,,,
USA, California,,,,,
China,Qingdao,,,,,
Japan,,,,,,
USA, California coast,,,,,
China,,,,,,
Panama,,,,,,
Bocas del Toro,,,,,,
China,Hainan,,,,,
Banyuls, France,,,,,
Canada, Atlantic Ocean,,,,,
USA, Seward, Alaska,,,,
NA,,,,,,
Germany, Lindbergmuhle hatchery,,,,,
Canada, Inch Creek, BC near Abbotsford,,,,
Canada, Vancouver,,,,,
Canada, Pitt Lake, BC,,,,
Norway, Evenstad, River Glomma,,,,
Japan,off Nansei islands,,,,,
missing,,,,,,
USA, Florida,,,,,
Viet Nam, Ca Mau Province,,,,,
India,,,,,,
France,,,,,,
Czech Republic, Vodnany,,,,,
Corsica, France,,,,,
Japan,Ehime, Kamijima, Iwagi,,,
China,,,,,,
North Sea,,,,,,
Mallorca, Spain,,,,,
USA, Florida,,,,,
missing,,,,,,
USA, Aurora, NC,,,,
Singapore,,,,,,
Poland,,,,,,
woj. malopolskie, Obidowa near Nowy Targ,,,,,
United Kingdom,,,,,,
17,,,,,,
51.49586,,,,,,
-0.178622,,,,,,
London , NHM Wildlife Garden,,,,,
United Kingdom,,,,,,
17,,,,,,
51.49586,,,,,,
-0.178622,,,,,,
London , NHM Wildlife Garden,,,,,
United Kingdom,,,,,,
17,,,,,,
51.49586,,,,,,
-0.178622,,,,,,
London , NHM Wildlife Garden,,,,,
United Kingdom,,,,,,
17,,,,,,
51.49586,,,,,,
-0.178622,,,,,,
London , NHM Wildlife Garden,,,,,
United Kingdom,,,,,,
17,,,,,,
51.49586,,,,,,
-0.178622,,,,,,
London , NHM Wildlife Garden,,,,,
United Kingdom,,,,,,
17,,,,,,
51.49586,,,,,,
-0.178622,,,,,,
London , NHM Wildlife Garden,,,,,
United Kingdom,,,,,,
17,,,,,,
51.49586,,,,,,
-0.178622,,,,,,
London , NHM Wildlife Garden,,,,,
United Kingdom,,,,,,
17,,,,,,
51.49586,,,,,,
-0.178622,,,,,,
London , NHM Wildlife Garden,,,,,
United Kingdom,,,,,,
17,,,,,,
51.49586,,,,,,
-0.178622,,,,,,
London , NHM Wildlife Garden,,,,,
United Kingdom,,,,,,
17,,,,,,
51.49586,,,,,,
-0.178622,,,,,,
London , NHM Wildlife Garden,,,,,
United Kingdom,,,,,,
17,,,,,,
51.49586,,,,,,
-0.178622,,,,,,
London , NHM Wildlife Garden,,,,,
United Kingdom,,,,,,
17,,,,,,
51.49586,,,,,,
-0.178622,,,,,,
London , NHM Wildlife Garden,,,,,
China, Dujianyan,,,,,
Australia,,,,,,
Forrest River, Oombulgurri,,,,,
China,,,,,,
Australia,River Torrens, Adelaide, South Australia,,,
Australia,,,,,,
China, Guizhou,,,,,
USA, Arizona, 12.4 miles SSE Portal, W side US 80, at junction Sunrise Road, near mile marker 411,
Japan,Kyoto, Kyoto, Heian Jingu Shrine,,,
Spain,,,,,,
Dresden,,,,,,
Norway, Marine Biological Station Espegrend and Rosslandspollen, Bergen area, Rosland,,,
USA,Monterey Bay,,,,,
USA,Monterey Bay,,,,,
France, Point B Villefranche-sur-mer,,,,,
USA, La Jolla Shores,,,,,
Canada, Witless Bay Newfoundland,,,,,
Italy, Riviera Ligure di Levante,,,,,
France, avant-port, Sete, Herault,,,
not applicable,,,,,,
Japan, Mutsu bay, Aomori,,,,
Japan, Mutsu Bay, Aomori,,,,
USA, Monterey, CA,,,,
China, Qingdao,,,,,
Japan,Aichi,,,,,
Japan,Hokkaido,,,,,
Japan,Akita,,,,,
Namibia,,,,,,
Germany,,,,,,
Japan,Hokkaido,,,,,
Japan,Hokkaido,,,,,
Guyana,,,,,,
USA,,,,,,
San Diego Wild Animal Park,,,,,,
USA,,,,,,
missing,,,,,,
China, Huang Zhong County,,,,,
USA,,,,,,
Sweden,,,,,,
Canada,Vancouver,,,,,
Australia,Queensland,,,,,
Japan,Hokkaido,,,,,
Germany, Mainau,,,,,
USA, Scotland Neck, NC,,,,
USA, Scotland Neck, NC,,,,
USA, Scotland Neck, NC,,,,
USA, Scotland Neck, NC,,,,
Argentina,,,,,,
missing,,,,,,
USA, Cameron Parish, Louisiana,,,,
Philippines,,,,,,
USA,,,,,,
Peru,,,,,,
New Zealand, Hurunui, Canterbury,,,,
New Zealand, Te Mimiorakopa, South Auckland,,,,
New Zealand, Okarito, Westland,,,,
Denmark, Copenhagen Zoo,,,,,
Papua New Guinea,,,,,,
USA,,,,,,
Italy,,,,,,
40.79404,,,,,,
13.42777,,,,,,
Ventotene , Bird ringing station,,,,,
Italy,,,,,,
40.79404,,,,,,
13.42777,,,,,,
Ventotene , Bird ringing station,,,,,
Guyana,,,,,,
Brazil,,,,,,
Peru,,,,,,
Guyana, St. Cuthbert's Mission Road, Linden Highway,,,,
Australia,,,,,,
Guyana,,,,,,
Holland,,,,,,
Denmark, Copenhagen Zoo,,,,,
Bolivia,,,,,,
missing,,,,,,
Australia, Babinda, Queensland,,,,
Denmark, Graesholm Island,,,,,
USA,,,,,,
Japan,Hokkaido,,,,,
Norway,,,,,,
Guyana,,,,,,
Peru,,,,,,
China,,,,,,
Iceland, Keflavik Naval Air Station,,,,,
Chile,,,,,,
South Africa,,,,,,
Djibouti,,,,,,
Kuwait,,,,,,
Namibia,,,,,,
Panama,,,,,,
Uruguay,,,,,,
Canada,,,,,,
Guyana,,,,,,
Guyana,,,,,,
Germany, Wilhelmshaven, Lower Saxonia,,,,
Australia,,,,,,
Uruguay,,,,,,
Germany, Hamburger Hallig,,,,,
Uruguay,,,,,,
Philippines,,,,,,
Panama,,,,,,
New Zealand,,,,,,
Japan,Amami,,,,,
Panama,,,,,,
Australia,,,,,,
missing,,,,,,
Japan,Kanagawa,,,,,
Argentina,,,,,,
Namibia,,,,,,
Tanzania,,,,,,
Tanzania,,,,,,
Morocco,,,,,,
Mongolia,,,,,,
missing,,,,,,
Argentina,,,,,,
South Africa,,,,,,
Papua New Guinea,,,,,,
missing,,,,,,
Japan,Ogasawara,,,,,
Denmark, Vordingborg,,,,,
Uruguay,,,,,,
USA, California,,,,,
Philippines,,,,,,
Gabon,,,,,,
Madagascar,,,,,,
Guyana,,,,,,
Ghana,,,,,,
Denmark, Copenhagen Zoo,,,,,
Panama,,,,,,
Puerto Rico,,,,,,
Philippines,,,,,,
Philippines,,,,,,
Guyana,,,,,,
Panama,,,,,,
Ghana,,,,,,
Denmark,,,,,,
USA,,,,,,
United Arab Emirates, Abu Dhabi Falcon Hospital,,,,,
Italy, Matera,,,,,
Japan,Gifu,,,,,
Qatar,,,,,,
Panama,,,,,,
Guyana,,,,,,
Guyana,,,,,,
Brazil,,,,,,
Australia,,,,,,
USA,Louisiana, Tangipahoa Parish, Sandy Hollow WMA, 2.2 mi. NW Junction Hwys. 10 x 1061,,
Guyana,,,,,,
NA,,,,,,
USA, Monticello, Utah,,,,
China,,,,,,
INRA PEAT, Tours, France,,,,
France, Tours, INRA PEAT,,,,
USA,Fayetteville, Arkansas,,,,
Japan,Gifu,,,,,
Lincang City, Yunnan Province,,,,,
Taiwan,,,,,,
Taiwan,,,,,,
USA, Rock County Nebraska,,,,,
Denmark,,,,,,
Uruguay,,,,,,
Japan,Kagoshima,,,,,
Denmark, Copenhagen Zoo,,,,,
USA,,,,,,
Japan,Hokkaido,,,,,
Japan,Kagoshima,,,,,
Guyana,,,,,,
Madagascar,,,,,,
Yemen,,,,,,
missing,,,,,,
South Africa,,,,,,
Guyana,,,,,,
United Kingdom,,,,,,
Poland, Lodz,,,,,
Japan,Okinawa,,,,,
Pitcairn Islands,,,,,,
missing,,,,,,
Burundi,,,,,,
Namibia,,,,,,
Denmark, Copenhagen Zoo,,,,,
Venezuela,,,,,,
New Zealand,,,,,,
New Zealand,,,,,,
Australia,,,,,,
South Korea,,,,,,
Mongolia,,,,,,
Colombia, Toca, Boyaca,,,,
Australia,,,,,,
USA,,,,,,
USA,,,,,,
New Zealand,,,,,,
Philippines,,,,,,
Greece,,,,,,
Germany,,,,,,
USA,,,,,,
USA,,,,,,
USA,,,,,,
Papua New Guinea,,,,,,
Papua New Guinea,,,,,,
Japan,,,,,,
Australia,,,,,,
Australia,,,,,,
USA,,,,,,
Papua New Guinea,,,,,,
USA,,,,,,
Sweden, Uppsala,,,,,
Sweden, Uppsala,,,,,
Northern Mariana Islands, Rota,,,,,
Japan,Ibaraki,,,,,
New Caledonia, near Bourail,,,,,
Russia,,,,,,
Brazil,,,,,,
Guyana,,,,,,
Australia,,,,,,
Brazil,,,,,,
Brazil,,,,,,
Papua New Guinea,,,,,,
Papua New Guinea,,,,,,
Ghana,,,,,,
Papua New Guinea,,,,,,
USA, California, San Francisco,,,,
South Africa,,,,,,
Ghana,,,,,,
Malaysia,,,,,,
Myanmar,,,,,,
Tanzania,,,,,,
Panama,,,,,,
Brazil,,,,,,
Canada,,,,,,
Japan,,,,,,
Spain, Segovia, Torreiglesias,,,,
USA, Nanawale Forest Preserve, Island of Hawaii,,,,
USA, Solomon's Camp, Mauna Loa, Hawaii Island,,,
USA,,,,,,
USA,,,,,,
USA,,,,,,
USA,,,,,,
USA,,,,,,
China,,,,,,
Brazil,,,,,,
Brazil,,,,,,
Italy,,,,,,
USA, Finger Lakes Region, Ithaca, New York,,,
USA,,,,,,
USA, California, Central Valley,,,,
USA, Belknap, Illinois,,,,
Panama,,,,,,
Malaysia,,,,,,
China,,,,,,
Philippines,,,,,,
USA,,,,,,
USA,,,,,,
South Korea,,,,,,
Ghana,,,,,,
Australia, Flinders Island,,,,,
Australia,,,,,,
Papua New Guinea,,,,,,
Australia,,,,,,
Yellingbo, Victoria, Australia,,,,
Australia, Yellingbo Nature Conservation Reserve, Yellingbo, Victoria,,,
New Zealand,,,,,,
Australia,,,,,,
Australia,,,,,,
Guyana,,,,,,
USA,,,,,,
Papua New Guinea,,,,,,
Iceland,,,,,,
South Africa,,,,,,
Seychelles,,,,,,
Sweden, Oland,,,,,
Iceland,,,,,,
South Korea,,,,,,
Papua New Guinea,,,,,,
missing,,,,,,
Australia,,,,,,
Papua New Guinea,,,,,,
Papua New Guinea,,,,,,
Dallas World Aquarium and Zoological Garden, Dallas, Texas,,,,
Papua New Guinea,,,,,,
Papua New Guinea,,,,,,
Australia,,,,,,
Namibia,,,,,,
Germany, Westerholz,,,,,
USA, Ithaca, NY,,,,
USA, Wisconsin,,,,,
Canada, Alberta,,,,,
USA,,,,,,
USA, Mount Lake Biological Station, Virginia,,,,
Canada,,,,,,
USA,,,,,,
Norway, Luroey municipality, Aldra,,,,
Norway, Luroey municipality, Aldra,,,,
Mongolia,,,,,,
Mongolia,,,,,,
Australia,,,,,,
Madagascar,,,,,,
Russia, Listvyanka, near Lake Baikal,,,,
Sweden,Stordalen,,,,,
China, Tibet,,,,,
Russia,,,,,,
South Africa,,,,,,
missing,,,,,,
Panama, Isla Boca Btava,,,,,
Costa Rica, Volcan Tenorio National Park,,,,,
Peru, Loreto Department, 1.5 km S Libertad, S. bank Rio Napo, 80 km N Iquitos,,
Panama,,,,,,
Suriname, South America, Para Distrikt Zanderij, forest E of airport,,,
Peru, Loreto Department, Lower Rio Napo region, E Bank Rio Yanayacu, ca 90 km N Iquitos,,
Guyana,,,,,,
Malaysia,,,,,,
Gabon,,,,,,
missing,,,,,,
Malaysia,,,,,,
Gabon,,,,,,
USA,,,,,,
Philippines,,,,,,
Argentina,,,,,,
Papua New Guinea,,,,,,
Papua New Guinea,,,,,,
Malaysia,,,,,,
Russia,,,,,,
Russia,,,,,,
Singapore, 406 Tampines St 41,,,,,
Botswana,,,,,,
Kenya, Mpala Research Centre,,,,,
Japan,Preservation and Research Center, Yokohama,,,,
Sweden,,,,,,
Spain,,,,,,
Greece,,,,,,
Gabon,,,,,,
Mongolia,,,,,,
USA,,,,,,
Spain, Tarifa,,,,,
Italy, Ponza Island,,,,,
Gabon,,,,,,
Brazil,,,,,,
Brazil,,,,,,
San Cristobal, Galapagos, Ecuador,,,,
United Kingdom,,,,,,
Panama,,,,,,
Argentina, Ibera, Corrientes,,,,
Malaysia,,,,,,
Gabon,,,,,,
Singapore, Southern Ridges,,,,,
Madagascar,,,,,,
Madagascar,,,,,,
China,,,,,,
Australia,,,,,,
China,,,,,,
China,,,,,,
USA,,,,,,
Canada, Kamloops,,,,,
USA,Louisiana, Tangipahoa Parish,,,,
Brazil, Porto Alegre, Rio Grande do Sul,,,,
USA,Roosevelt Lake, AZ,,,,
Guyana,,,,,,
Guyana,,,,,,
Panama,,,,,,
Guyana,,,,,,
Panama,,,,,,
Peru,,,,,,
Argentina,,,,,,
Saint Vincent and the Grenadines,,,,,,
Philippines,,,,,,
Philippines,,,,,,
Reunion, Gite du volcan,,,,,
Papua New Guinea,,,,,,
USA,Hawaii, Hilo,,,,
New Caledonia, Lifou Island,,,,,
South Africa, Free state province, Sandymount Park, 10 kms from Fauresmith,,,
Papua New Guinea,,,,,,
Australia,,,,,,
Gabon,,,,,,
Papua New Guinea,,,,,,
Australia,,,,,,
Philippines,,,,,,
Papua New Guinea, Kokoda environs,,,,,
Papua New Guinea,,,,,,
USA,,,,,,
Namibia,,,,,,
Bolivia,,,,,,
China,,,,,,
Japan,Okinawa,,,,,
USA,,,,,,
Antarctica,,,,,,
USA, Minnesota,,,,,
Chile, Naguilan, Valdivia,,,,
Ecuador, Punta Espinosa, Fernandina Island, Galapagos,,,
Denmark,,,,,,
USA, Middleton Island, Alaska, Nest site K7,,,
USA,,,,,,
Panama,,,,,,
China,,,,,,
Copenhagen Zoo,,,,,,
Denmark, Copenhagen Zoo,,,,,
Gabon,,,,,,
Eswatini,,,,,,
South Africa, Lake Eland Game Reserve,,,,,
Namibia,,,,,,
Philippines,,,,,,
Japan,Okinawa,,,,,
USA, Texas,,,,,
USA, North Carolina,,,,,
Panama,,,,,,
Panama,,,,,,
Panama,,,,,,
Denmark,,,,,,
Uruguay,,,,,,
Japan,,,,,,
Uruguay,,,,,,
Spain,,,,,,
Denmark,,,,,,
USA,,,,,,
Australia,,,,,,
missing,,,,,,
Brazil, Minas Gerais,,,,,
Saint Vincent and the Grenadines,,,,,,
Puerto Rico, Rio Abajo State Forest Aviary,,,,,
Bolivia,,,,,,
USA, Texas,,,,,
USA, Blank Park Zoo, Iowa,,,,
Pakistan,,,,,,
USA,,,,,,
New Zealand, Anchor Island,,,,,
New Zealand, Anchor Island,,,,,
New Mexico State University,,,,,,
USA, New Mexico State University,,,,,
Seaworld, Orlando, Florida, USA,,,
Argentina, Viedma, Rio Negro,,,,
Antarctica,,,,,,
Antarctica, Ross Sea, Cape Crozier,,,,
Argentina, rural area near Bahia Blanca,,,,,
Japan,Hokkaido,,,,,
Canada,Brockville, Ontario,,,,
Panama,,,,,,
Guyana,,,,,,
Canada,Whitby, Ontario,,,,
USA, 260 Piedmont Road, Larkspur, Marin County, California,,
USA,,,,,,
missing,,,,,,
USA,,,,,,
Costa Rica, Cafetal stream, Area de Conservation Guanacaste,,,,
Peru,,,,,,
Peru,,,,,,
Toronto Zoo, Ontario, Canada,,,,
Peru,,,,,,
Peru,,,,,,
Peru,,,,,,
Peru,,,,,,
Peru,,,,,,
Tanzania,,,,,,
Guyana,,,,,,
Namibia,,,,,,
China,,,,,,
not applicable,,,,,,
Australia, Tasmania; Hobart,,,,,
Atlantic Ocean, NAFO Regulatory Area, Div. 3L,,,,
USA, Delaware,,,,,
China, Fujian,,,,,
not applicable,,,,,,
Taiwan, near Hualien,,,,,
USA,Gulf of Main,,,,,
USA, Tennessee Reef, Florida,,,,
missing,,,,,,
USA, Prosser Dam (Prosser, WA) - Lower Yakima River (river km 74.7), which is a tributary to Upper Columbia River.,,,
Japan, Hokkaido,,,,,
China,Taizi River, Fushun City, Liaoning Province,,,
USA, Great Lakes Fisheries Commission,,,,,
New Zealand, Lady Alice Island,,,,,
Australia,,,,,,
USA, Born in Anne Bronikowsk lab at ISU; MOM, 2012; Eagle Lake; PAP,,,,
USA, Coffin Butte Rd., Benton Co., Oregon,,,
USA,,,,,,
Japan,Okinawa,,,,,
Japan,Okinawa,,,,,
Australia,,,,,,
South Australia, just north of Mt Gambier,,,,,
Indonesia, Bali,,,,,
Australia,,,,,,
Barossa Valley,,,,,,
China, Nantong, Jiangsu province,,,,
not applicable,,,,,,
Myanmar, Yangon, Thanlyin, near East Yangon University,,,
Japan,Okinawa,,,,,
Pacific Ocean, South China Sea,,,,,
Pacific Ocean, South China Sea,,,,,
Japan,Okinawa,,,,,
Sweden, Halland,,,,,
France,,,,,,
Mâlain,,,,,,
Hungary,,,,,,
Tokaj,,,,,,
United Kingdom, Isle of Cumbrae, Scotland,,,,
USA, Arizona, Navajo Co., Holbrook,,,
USA, Texas,,,,,
USA, Kansas City,,,,,
north Florida,,,,,,
USA,Florida, Leon County,,,,
USA, Arkansas,,,,,
Palm Canyon, Kofa Mountains, La Paz County, AZ,,,
USA, Kofa Mountains, Arizona,,,,
USA, Arizona,,,,,
Japan,Amami-Oshima,,,,,
Japan,Okinawa,,,,,
Bahamas, Bimini,,,,,
China, Xiamen Bay,,,,,
USA, Old Tampa Bay, Florida,,,,
South Korea,,,,,,
Pacific Ocean, Santa Barbara,,,,,
Pacific Ocean, USA, west coast,,,,
China, Inner Mongolia,,,,,
Nagaland,,,,,,
USA,Henry Doorly Zoo,,,,,
China,Hongyuan,,,,,
China,The Datong Yak Farm,,,,,
China, Qinghai Province,,,,,
Lisbon,,,,,,
Denmark, Copenhagen Zoo,,,,,
USA, Revillagigedo Island, Alaska,,,,
USA, Front Royal, Virginia,,,,
China, Xinjiang province,,,,,
Russia,,,,,,
China, Qinghai province,,,,,
China, Inner Mongolia Autonomous Region,,,,,
Austria,Eithental,,,,,
Mongolia,,,,,,
China, Taigu,,,,,
China, Taigu,,,,,
China, Taigu,,,,,
China, Chengdu Zoo,,,,,
China,Jilin,,,,,
Canada, CFB Wainwright, Alberta,,,,
USA, Vermont, Brownington,,,,
Canada,North Lake, Prince Edward Island,,,,
China, Guangxi Beibu Gulf,,,,,
South Korea,,,,,,
USA, Baltimore, Maryland,,,,
Kenya, Masaai Mara,,,,,
USA, Whiteoak Conservation Center, FL,,,,
Canada, Milne Inlet, Baffin Island, Nunavut,,,
Mongolia,Gachuurt Village, Khentii Aimag,,,,
China, Nanjing,,,,,
Mexico, San Felipe, Baja California,,,,
Bangladesh, Chittagong,,,,,
Brazil, Santos, SP, South Atlantic Ocean,,,
Australia,,,,,,
Germany,,,,,,
Sachsen-Anhalt, Loburg,,,,,
South Africa, Petrusburg,,,,,
USA, National Zoological Park's Front Royal, Virginia,,,,
Copenhagen Zoo,,,,,,
USA, Aroostook County, Maine,,,,
Tufts Wildlife Clinic, North Grafton, MA,,,,
Sierra de And�jar Natural Park, Sierra Morena, Spain,,,,
Japan,Fukuoka,,,,,
Japan,Okinawa,,,,,
missing,,,,,,
USA, Institute for Conservation Research, San Diego Zoo, Escondido, CA,,
South Africa, Reddersburg,,,,,
China, Greater Khingan Mountains,,,,,
New Zealand, Coromandel,,,,,
Bird Island, South Georgia,,,,,
USA,California,,,,,
Muskeget Island, MA, USA,,,,
missing,,,,,,
Antarctica,,,,,,
Kaua'i, HI,,,,,
USA, Kuai'i, HI,,,,
Canada, Boundary Bay, Tsawwassen, British Columbia,,,
USA, Virginia,,,,,
Alaska, USA,,,,,
China, Dalian Hutan Marine Animal Protection and Research Institute,,,,,
Japan,Tokushima,,,,,
Panama, Gamboa,,,,,
Mexico, Morelia, Michoacan,,,,
USA,,,,,,
Germany,Munich, Collected from captive colony, LMU,,,
Singapore,,,,,,
Vienna Zoo - Tiergarten Schnbrunn,,,,,,
Japan,Ogasawara,,,,,
USA, Berkeley (captive colony),,,,,
United Kingdom, Woodchester Mansion, Gloucestershire,,,,
USA, Colorado, Fort Collins,,,,
missing,,,,,,
South Africa,,,,,,
USA, Framingham, MA,,,,
France, Limerzel,,,,,
Italy, Bergamo,,,,,
USA, National Hansen's Disease Programs at Louisiana State University, School of Veterinary Medicine,,,,
Samford, QLD, Australia,,,,
Australia,Samford, QLD,,,,
Australia, Lane Cove National Park,,,,,
Australia,,,,,,
Taronga Zoo, Sydney,,,,,
Brazil,Panga,,,,,
Australia, Yellingbo Nature Conservation Reserve,,,,,
New Zealand, Sandymount, Otago Peninsula (Trap 21),,,,
Australia,,,,,,
Australia,,,,,,
Tasmania,,,,,,
missing,,,,,,
United Kingdom, Piel Island,,,,,
missing,,,,,,
Ireland, Borris-in-Ossory,,,,,
not collected,,,,,,
not collected,,,,,,
China, Qinghai-Tibet Plateau,,,,,
missing,,,,,,
missing,,,,,,
Australia, Upper Barnard River, New South Wales,,,,
China,Xinjiang,,,,,
Indonesia,Sumatra,,,,,
Japan,Preservation and Research Center, Yokohama,,,,
China,,,,,,
not collected,,,,,,
not applicable,,,,,,
Germany, Tierpark, Berlin,,,,
Costa Rica,,,,,,
Nigeria, Cross River, Akampa,,,,
Cambodia,,,,,,
Japan,,,,,,
China, Beijing, Beijing Zoo,,,,
Uganda, Kibale National Park,,,,,
Ethiopia, Simien Mountains,,,,,
Madagascar, Beza Mahafaly,,,,,
Madagascar, Anjanaharibe Sud,,,,,
Madagascar, Ankarafantsika,,,,,
Madagascar, Mananara Nord,,,,,
Madagascar, Ankarana,,,,,
missing,,,,,,
USA, Duke University Primate Center, Durham, NC,,,
USA, North Carolina,,,,,
USA, North Carolina,,,,,
USA, Duke University Lemur Center, Durham, NC,,,
USA, San Diego Zoo, CA,,,,
missing,,,,,,
USA, Baltimore, MD,,,,
missing,,,,,,
missing,,,,,,
USA, Oregon,,,,,
USA, Mojave Desert, Lytle Ranch, Washington Co., UT,,
USA,,,,,,
Texas, Coryell County, Fort Hood Military Reservation,,,,
Mexico,,,,,,
Michoacan,,,,,,
USA,,,,,,
Deep Canyon, Palm Desert, California, USA,,,
Mexico,,,,,,
Coahuila, 5 km E San Francisco,,,,,
Costa Rica,,,,,,
missing,,,,,,
Canada, Saskatoon,,,,,
China, Baoxing Natural Reserve, Sichuan,,,,
Japan,Tsukuba,,,,,
United Kingdom, Wirral Peninsula,,,,,
USA, Santa Barbara,,,,,
South Africa,,,,,,
Caledon Nature Reserve,,,,,,
Israel,,,,,,
USA, Wisconsin, Milwaukee, Medical College of Wisconsin,,,
New Zealand,,,,,,
China, Xinjiang Province, Midong District,,,,
missing,,,,,,
Argentina, Ischigualasto Provincial Park, San Juan Province,,,,
Argentina, El Nihuil, Mendoza Province,,,,
USA, Colorado,,,,,
missing,,,,,,
Xining,,,,,,
China, Qinghai,,,,,
Italy,,,,,,
China, Hebei,,,,,
near Toolik Lake,,,,,,
USA, Alaska, Toolik Lake,,,,
Israel, Animal Facility of the Institute of Evolution, University of Haifa,,,,
China, Yunnan,,,,,
Germany,Clinical Neurobiology Laboratory, Deutsches Primatenzentrum German Primate Center, Gottingen,,,
Japan,Okinawa,,,,,
Russia,Bering Island,,,,,
missing,,,,,,
missing,,,,,,
Germany, Ludwig Maximilians University, Munich,,,,
Japan,,,,,,
USA, Florida,,,,,
China, Changxing Yinjiabian Chinese Alligator Nature Reserve, Zhejiang Province,,,,
USA, St. Louis, MO,,,,
Israel, Mediterranean Sea,,,,,
Israel, Mediterranean Sea,,,,,
USA, Jacksonville, FL,,,,
USA, Half Moon Bay, California,,,,
USA, Grant Co., WA,,,,
USA, Poplar Island, Maryland,,,,
USA, St. Louis, MO,,,,
USA,,,,,,
USA, St. Louis Zoo, St Louis, MO,,,
not applicable,,,,,,
China,Wuhu,,,,,
USA, Jacksonville, FL,,,,
Ecuador, Galapagos Islands,,,,,
USA, Las Vegas, Clark County, NV,,,
Mexico, Sonora,,,,,
USA, Covington County, AL,,,,
Japan, Saga,,,,,
United Kingdom, Wales, Rhosneigr, Anglesey,,,
Australia, Point Cartwright, Queensland,,,,
Saudi Arabia, KAUST,,,,,
USA,,,,,,
missing,,,,,,
missing,,,,,,
missing,,,,,,
missing,,,,,,
China,South China Sea,,,,,
South Korea, Jeju Island,,,,,
Japan,,,,,,
Japan,,,,,,
Japan,,,,,,
Japan,,,,,,
Japan,,,,,,
Japan,,,,,,
Japan,,,,,,
Japan,,,,,,
Japan,,,,,,
Japan,,,,,,
Indonesia,,,,,,
Japan,,,,,,
Japan,,,,,,
Japan,,,,,,
Japan,,,,,,
Japan,,,,,,
Japan,,,,,,
Japan,,,,,,
USA, Hawaii, Waiopae tide pools,,,,
Japan,,,,,,
Australia, Orpheus Island,,,,,
Panama,,,,,,
Panama,Saboga Island,,,,,
Saudi Arabia, Al Fahal fore reef, Red Sea,,,,
Jordan, Aqaba,,,,,
Germany,,,,,,
157,,,,,,
50.57,,,,,,
8.66,,,,,,
missing,,,,,,
USA,,,,,,
Japan,Ondo Fishing port, Hiroshima Prefecture,,,,
USA,,,,,,
Not collected,,,,,,
Australia,,,,,,
USA,,,,,,
USA, Oregon (Salmon River basin),,,,,
USA, Oregon, Nehalem State Fish Hatchery,,,,
China, Wuqing, Tianjin,,,,
Israel, Eilat,,,,,
Israel, Red sea, Eilat,,,,
Brazil,Cabo Frio,,,,,
South Korea, Tongyong,,,,,
China, South China Sea,,,,,
USA,,,,,,
USA,,,,,,
USA,,,,,,
Pacific Ocean,,,,,,
Hong Kong, South China Sea,,,,,
Germany,Kiel Bay, Baltic Sea,,,,
USA,,,,,,
Pacific Ocean, Near Big Sur, USA,,,,
USA, Woods Hole, MA,,,,
Japan, Osaka,,,,,
USA,California,,,,,
Japan, Okinawa, Motobu,,,,
USA, California,,,,,
Japan, Sagami Bay (Misaki),,,,,
Japan,Sizuoka, Shimoda, Itado beach,,,
USA,California,,,,,
Japan, Misaki,,,,,
missing,,,,,,
USA,,,,,,
China, Qingdao,,,,,
missing,,,,,,
USA, San Diego, California,,,,
Malaysia,Pulau Pangkor,,,,,
USA, Los Angeles Harbor, California,,,,
USA, MA,,,,,
USA, HI, Oahu,,,,
China, Zhengjiang,,,,,
China, Xieqian port, Xiangshan county, Zhejiang province,,,
Austria, Neue Donau, Danube River,,,,
Pacific Ocean, South China Sea,,,,,
Brazil,Jacui River,,,,,
China, Hong Kong,,,,,
China,,,,,,
Zhejiang Province, Zhoushan,,,,,
Atlantic Ocean,,,,,,
Galicia, Vigo (Ría de Vigo) 42°15'54.8N 8°43'42.5W,,,,,
Japan,Kanagawa, Enoshima,,,,
China,Beihai City, Maowei Sea Area, Qinzhou, Guangxi Province,,
USA,,,,,,
Australia, Port Stephens,,,,,
China, Laizhou,,,,,
not collected,,,,,,
Mediterranean Sea, France, Var, Embiez island, Brusc lagoon,,
China, Zhanjiang,,,,,
Portugal, Vinhais, Rio Tuela,,,,
USA, Tennessee River, Muscle Shoals, Alabama,,,
USA, Texas, Brazos River drainage,,,,
USA, Minnesota, Straight River,,,,
Viet Nam, Ban Sen ward, Van Don district, Quang Ninh province,,,
China,Dandong, Liaoning Province,,,,
China,Zhangzidao aquaculture farm in Dalian, Liaoning Province,,,,
Pacific Ocean, South China Sea,,,,,
China,,,,,,
Australia, Beaumaris Sea Scout Boat Shed, Beaumaris, Port Phillip bay, Victoria,,
Pacific Ocean,,,,,,
China, littoral waters of Zhoushan, Zhejiang province,,,,
China,,,,,,
Zhejiang Province, Xiangshan,,,,,
USA, Honolulu, Oahu, HI,,,
Pacific Ocean,,,,,,
Japan,Toyama,,,,,
Malawi, Palm Beach and Cape Maclear,,,,,
Hong Kong,,,,,,
China, Guangdong province, Shenzhen,,,,
Argentina,,,,,,
Australia, Jade Tiger Abalone Farm, Indented Head, Victoria,,,
USA, Goleta, California,,,,
Viet Nam, Van Hung ward, Van Ninh District, Khanh Hoa city,,,
Portugal,,,,,,
China,,,,,,
China,Shenzhen,,,,,
Germany,,,,,,
Winterscheid (Hessen),,,,,,
United Kingdom, Nottingham,,,,,
South Korea, Cheollabuk-do, Hacheon-ri,,,,
USA, California,,,,,
Germany, Georg-Voigt-Str. 14-16 60325 Frankfurt am Main,,,,,
Indian Ocean,,,,,,
Indian Ocean,,,,,,
Indian Ocean,,,,,,
USA, Albuquerque,,,,,
USA, Martha's Vineyard, Massachusetts,,,,
USA,,,,,,
Indian Ocean,,,,,,
Indian Ocean,,,,,,
USA, Florida Keys, Tavernier,,,,
Antarctica,,,,,,
Viet Nam, Mekong River,,,,,
China, Wuhan,,,,,
Canada, Ontario,,,,,
Japan,Tochigi, Nikko, NikkoYumoto,,,
Japan,,,,,,
Japan,,,,,,
Kenya, Bungoma,,,,,
China, Yaan, Sichuan,,,,
USA, Lexington, KY,,,,
USA, Fort Lauderdale, Florida,,,,
Israel,,,,,,
USA, near Fredericksburg, Virginia,,,,
USA, near Fredericksburg, Virginia,,,,
USA,Oregon,,,,,
China, ShanXi,,,,,
USA, South Carolina,,,,,
USA, MS,,,,,
Japan, Izu-Ohshima,,,,,
USA,Washington,,,,,
USA,Florida,,,,,
Viet Nam, Lao cai,,,,,
missing,,,,,,
Missing,,,,,,
Japan, Tsukuba,,,,,
USA, Pasadena, California,,,,
USA,,,,,,
Venezuela,,,,,,
Guyana,,,,,,
USA,Georgia,,,,,
Italy,,,,,,
Peru,,,,,,
France,,,,,,
Cameroon,,,,,,
South Africa,,,,,,
Germany,,,,,,
Papua New Guinea,,,,,,
Belgium,,,,,,
Japan,,,,,,
Bornheim, Germany,,,,,
Costa Rica, La Virgen, Sarapiqu,,,,
Chwele, Bungoma County, Kenya,,,,
Japan,Okinawa, Ishigaki,,,,
China, Juifeng Village, Wuhan City, Hubei Province,,,
missing,,,,,,
Canada, Toronto,,,,,
Ethiopia,Wolaita Sodo,,,,,
USA, San Marino, CA,,,,
France,,,,,,
Orsay,,,,,,
South Africa,,,,,,
South Africa,,,,,,
South Africa,,,,,,
Brazil, Sao Paulo,,,,,
Sri Lanka, Colombo,,,,,
Egypt, Beni-Suef,,,,,
Argentina,,,,,,
n/a,,,,,,
USA,,,,,,
USA, Washington, Benton county,,,,
n/a,,,,,,
USA,Florida,,,,,
USA,Florida,,,,,
South Korea, Mount Jiri,,,,,
n/a,,,,,,
Germany, Tuebingen,,,,,
Denmark, Naestved,,,,,
USA, Baltimore, MD,,,,
China, Zhejiang Province,,,,,
China, Hunan Province,,,,,
China, Guangzhou,,,,,
Switzerland, Zurich,,,,,
Germany, Lower Saxony,,,,,
Germany,,,,,,
New Zealand,,,,,,
New Zealand,,,,,,
Italy, Potenza province,,,,,
USA, Pennsylvania,,,,,
Norway, Svalbard islands,,,,,
Tanzania,,,,,,
Thailand, Village number 4, Kean-Makrood Subdistrict, Ban-Rai District, Uthaithani Province,,
Argentina, Pico Truncado, Santa Cruz province,,,,
Canada, Yukon Territory,,,,,
USA, Montana,,,,,
Namibia, Etosha park,,,,,
Japan, Yamagata city,,,,,
Poland, Wielhopolska region,,,,,
Zimbabwe, Victoria falls,,,,,
Denmark,,,,,,
Japan, Okayama, Ushimado,,,,
Australia, New South Wales, Tallaganda State Forest,,,,
Russia, Barents sea,,,,,
Japan, Okayama, Ushimado,,,,
Panama, Caribbean, Bocas del Toro,,,,
China, Hunan Province, Changsha,,,,
Poland,,,,,,
52.229676,,,,,,
21.012229,,,,,,
Argentina,,,,,,
25°35′56″ S,,,,,,
54°34′24″ O,,,,,,
China, Dali,,,,,
China, Loess Plateau, Lanzhou, Gansu Province,,,
China,Dali,,,,,
Venezuela,,,,,,
0,,,,,,
0,,,,,,
Japan,,,,,,
0,,,,,,
0,,,,,,
Trinidad and Tobago, Tobago, Roxborough,,,,
Norway, Drammen river,,,,,
not applicable,,,,,,
USA,,,,,,
Spain,,,,,,
Russia,Novosibirsk city,,,,,
Thailand, Khon Kaen,,,,,
Uganda,Western region,,,,,
USA, Oregon,,,,,
USA, Oregon,,,,,
Viet Nam, Ha Tay town, near Hanoi,,,,
New Zealand,,,,,,
Viet Nam, Lai Chau Province,,,,,
USA,,,,,,
Japan,,,,,,
India,,,,,,
Tanzania, Iringa,,,,,
Egypt,,,,,,
Australia, Heron Island Reef, southern Great Barrier Reef,,,,
Canada, Victoria, Sooke Reservoir,,,,
Sweden, Gulmarsfjord,,,,,
Australia,,,,,,
USA,Nevada, Little Fish Lake,,,,
Austria,Seewinkel National Park,,,,,
South Korea,Uljin,,,,,
Italy,,,,,,
Spain,,,,,,
Japan, Sapporo,,,,,
